单间 | 澜西园三区，主卧，采光好，随时看房，随时入住。,顺义城区,1520,https://bj.58.com/hezu/41714683387420x.shtml?houseId=1417437789659144&shangquan=shunyichengqu&shangquanId=11353&dataSource=2&legourl=//legoclick.58.com/jump?target=szqBpB3draOWUvYfpARlIitYnH0QPjm3n1n3P1EznZ980v6YUykKuadWuWT1mWT1uid6uH9QsHw6nhmVmymkmzd6P10dPvEzrjRWryDKPHNkrj9YPj9YP1NQPH0KTHDYnH0Yn10LrjbvPHbQPjEKnHmOnjTKnHmOnjTKnikQnTDQnjTKnHN3PWTOnjNznH0YPTDQTNujsNYVOlXxOCB4OsBeOmBgl2AClpAdOGyYOuacOlXxOoXLOCliTHDKnEDKsHDKTHDzPjNOP1nzrjc1nHELrj93PWEKP9DKnE7WuAR-PWTkPzd-nWndsHwBmHNVrHn1mBd-nAc3PhPBPHDOmvnKnHcYPHbLn1c3nWEdn1cQn1D3PEDQnWEdrH01nW9zn19vnHTYn1ckTEDKTEDKsEDKTy6YIZK1rBtfmhC8PH98mvqVsvPCIgGdsk7CPbd5PhkvwvV3iRKvwAQ2HBKWRgFM5HYKnWczsWcQPi3Oni33PkDkTHTKTHD_nHcKXLYKnHTkn1nKnHTknHNkP9DQPWu-rj7Wuad-uhR-sHELPjDVrHb1PBYduAmYmyuBnjwbmhmKTHTKTEDkTHDknakQnjnzsjDQn1c3THcKrjwhmvnzm1c3n1bLnjKWmk
单间 | 鸭子桥北里 智能门锁 宽敞大方 朝南采光好 交通便利,广安门内,2450,https://bj.58.com/hezu/41694443834136x.shtml?houseId=1414847126020104&shangquan=guanganmennei&shangquanId=6857&dataSource=2&legourl=//legoclick.58.com/jump?target=szqBpB3draOWUvYfpARlIitYnHmOPjEYn191PjD1PM980v6YUykKuadWuWT1mWT1uid6uH9QsHw6nhmVmymkmzd6P10dPvEzrjRWryDKPWNdrHTLrHTknHTQnW9KTHDYnHE3Pj0QnWmknWTQnjEKnWN3njTKnWN3njTKnikQnTDQnjTKnHN3PWTOnjNznH0YPTDzTNujsNYVOlXxOCB4OsBeOmBgl2AClpAdOGyYOuacOlXxOoXLOCliTHDKnEDKsHDKTHDzPjN1njTOnHnQnHD3n1EvnWEKP9DKnED1PycQnH76nzYQmHm3sHELPAEVrjEzuid6njI-uHN3nywBnHNKnHcYPHnknjbQn1cQnWNQnjckrTDQnWEdn1TkrHD1nH0YP1EOnH9YTEDKTEDKsEDKTy6YIZK1rBtfmhC8PH98mvqVsvPCIgGdsk7CPbd5PhkvwvV3iRKvwAQ2HBKWRgFM5HYKnWczsWcQPi3Oni33PkDkTHTKTHD_nHcKXLYKnHTkn1nKnHTknHNkP97-PWwBmvnkuiYOmyE3sHEdn1NVmW01riYOPvDkPHE1n1RBuyDKTHTKTEDkTHDknakQnjcYsjm3PH0Kn9Dduj0QmHnQmvcQPHTkPhwh
单间 | 流星花园三区 风格装修 精装修 实拍图片 离地铁近,回龙观,2270,https://bj.58.com/hezu/41670917684517x.shtml?houseId=1411835779243022&shangquan=huilongguan&shangquanId=2640&dataSource=2&legourl=//legoclick.58.com/jump?target=szqBpB3draOWUvYfpARlIitYnHmLnjbQP1m3PjNQPL980v6YUykKuadWuWT1mWT1uid6uH9QsHw6nhmVmymkmzd6P10dPvEzrjRWryDKPWDvnHmOPHE3PjDkrHTKTHDYnHD3n1NLP1bzPjnknWcKn1cdnjTKn1cdnjTKnikQnTDQnjTKnHN3PWTOnjNznH0YPTD1TNujsNYVOlXxOCB4OsBeOmBgl2AClpAdOGyYOuacOlXxOoXLOCliTHDKnEDKsHDKTHDzPjmzPW9QrjcQrjE3P1nOrjEKP9DKnE7buhEOnWF6PadhuAcOsHwWnj0Vmhw6nid6rHNzPWRWPWbYnH9KnHcYPWcvrjD3nWcOrjDkP1bkPTDQnWEvnWm3nH9znWELP193PHEYTEDKTEDKsEDKTy6YIZK1rBtfmhC8PH98mvqVsvPCIgGdsk7CPbd5PhkvwvV3iRKvwAQ2HBKWRgFM5HYKnWczsWcQPi3Oni33PkDkTHTKTHD_nHcKXLYKnHTkn1nKnHTknHNkP9DdrHP-PvDYnaYQuHTYsHEYujDVrA7hniYOnvNzPhRhuWnvnjmKTHTKTEDkTHDknakQnjn1sjcvPjTKn97brjIhPWT3mvDkPyFWrjDL
单间 | 助力复工 租房优惠1个月汽修厂家属院 智能门锁 出行,十八里店,2300,https://bj.58.com/hezu/41714001122192x.shtml?houseId=1417350459008006&shangquan=shibalidian&shangquanId=6003&dataSource=2&legourl=//legoclick.58.com/jump?target=szqBpB3draOWUvYfpARlIitYnH0QPjTknHDznWDOnM980v6YUykKuadWuWT1mWT1uid6uH9QsHw6nhmVmymkmzd6P10dPvEzrjRWryDKPHb3rHcQn1DQPjNOrHDKTHDYnH01PHTYPHbknj9knjmKnHELnjTKnHELnjTKnikQnTDQnjTKnHN3PWTOnjNznH0YPTDYTNujsNYVOlXxOCB4OsBeOmBgl2AClpAdOGyYOuacOlXxOoXLOCliTHDKnEDKsHDKTHDzPjNOPjDLPWndP1DYPH9kPj9KP9DKnE76uWPWnhR6uBYLmHFBsHw6PvDVmHNznzYknhELn10LPyPbm1EKnHcYPHbYnH0vn1bQPHnOnjbLP9DQnWEdrHEQP1m1rjcLn1czrj9kTEDKTEDKsEDKTy6YIZK1rBtfmhC8PH98mvqVsvPCIgGdsk7CPbd5PhkvwvV3iRKvwAQ2HBKWRgFM5HYKnWczsWcQPi3Oni33PkDkTHTKTHD_nHcKXLYKnHTkn1nKnHTknHNkP97-myw6myN1miY1m1m1sHw6mHbVmhczriYLPAD1mhPbPANQrHTKTHTKTEDkTHDknakQnjcdsjmknjnKn9DdnHNQnW-buA7-uhmYuAnL
整租 | 瀛海家园 地铁8号线 新出一居室 采光好 业主直租,瀛海镇,3000,https://bj.58.com/zufang/41734994329511x.shtml?houseId=1420037589654530&shangquan=bjyhz&shangquanId=16013&dataSource=2&legourl=//legoclick.58.com/jump?target=szqBpB3draOWUvYfXMRhmyOMs1EQP1nYrHbYn1cOPHDQXaO1pZwVUT7bsyPhnjPBnjP-sy7-rjDVPADzuBd6uWKWsyDLP1NLujc3PynOmEDvnHbkPj01nW9QrjEYPkDKnHEznjT1P1N3rHmdPjN1nTDQPH9knTDQPH9knTDQsjDkTHDknTDQPH9vnjbkPHcQP1EYTHNKwbnVHiLMGO4hBs4b8sf-BFxCCpWGCUgh-UH-bcWMGO4hVexhWGcKnEDQTEDVnEDKnHcYPWm1njcLPjD1n1b1rjDLP9DvTEDQTH9YnjcOPHwhsH9YmW0VPAcQraY3PHTOsyR6n1mLrj0Ym1IbP9DQnWEvPWnknW0YPjEYn1DvPW0zTHDzPjmvn1TzP1E1rjNdrjEQnW9KTEDKTEDVTEDKpZwY0ZnlszqBpB3draOWUvYfmv6dXMNfTy9vHNtvUjuZpL6FNZuDUDGrcAPR0h0q5EDznWc8nWDdsWbQsW9LTHTKnTDKnikQnE7exEDQnjT1nkDQnjTQPHTvTHEdPWIBnj7WsHNYPhnVPANLPBYOuyFhsyEvrH9zPvcOuH9LPEDKnTDKTHTKnHTksjDkn1E_nHNOP1bKn97-PjwWuHEQrA76nHFBPvm1
单间 | 地铁六号线 物资学院 朝南三家合租次卧 全女生 有厨,物资学院路,1850,https://bj.58.com/hezu/41437539838473x.shtml?houseId=1381963415101443&shangquan=wuzixueyl&shangquanId=24759&dataSource=2&legourl=//legoclick.58.com/jump?target=szqBpB3draOWUvYfpARlIitYnHE1P1N1rH91rjELnL980v6YUykKuadWuWT1mWT1uid6uH9QsHw6nhmVmymkmzd6P10dPvEzrjRWryDKPHNOnjNvnHmdrjcOnWmKTHD1rjDOPWnYnHNQnjDYPjnKnWcLrHbKnWcLrHbKnikQnTDQnjTKnHN3PWTOnjNznH0YPTDvTNujsNYVOlXxOCB4OsBeOmBgl2AClpAdOGyYOuacOlXxOoXLOCliTHDKnEDKsHDKTHDzPjN3rj9Qnjnzn1NLnWnzPWEKP9DKnEDQuynkrymzuBdbP1mdsHw6myNVrAEdradBuhPhPHRbnvRhPjEKnHcYPH93rjDkn1nYnjNOn1DdnkDQnWEdrj93nHT1n1TzrjnznHc3TEDKTEDKsEDKTy6YIZK1rBtfmhC8PH98mvqVsvPCIgGdsk7CPbd5PhkvwvV3iRKvwAQ2HBKWRgFM5HYKnWczsWcQPi3Oni33PkDkTHTKTHD_nHcKXLYKnHTkn1nKnHTknHNkP9DLmvcLPhE1mzdBmHR6sHEOPAEVmycLmBYzmWIBmW6Bmv7hPAnKTHTKTEDkTHDknakQnjnQsjcYP1NOTHcKuyDkP176PvR6mvD3njmzm9
整租 | 9折优惠 首邑溪谷 包退换 月租房 整套空置,高米店,3450,https://bj.58.com/zufang/41694650335516x.shtml?houseId=1414873558686730&shangquan=bjgmd&shangquanId=16124&dataSource=2&legourl=//legoclick.58.com/jump?target=szqBpB3draOWUvYfXMRhmyOMs1EQPWbYPWNkn1ndPHDvXaO1pZwVUT7bsyPhnjPBnjP-sy7-rjDVPADzuBd6uWKWsyDLP1NLujc3PynOmEDvnHmQrHmvnWmzPWnQPkDKnHEQPj9Ln1Ndrjm3PW01nTDQPHbknTDQPHbknTDQsjDkTHDknTDQPH9vnjbkPHcQP1EYTH0KwbnVHiLMGO4hBs4b8sf-BFxCCpWGCUgh-UH-bcWMGO4hVexhWGcKnEDQTEDVnEDKnHcYPWcvPW0vrHbznj0vnH9dP9DvTEDQTyELPWc1PjuWsHFbPhEVPjEknidBujbLsyE3mWI-n10LPhwBrTDQnWEvnWmvP10knjNkP19dnW9kTHDzPjmzPWmLP1TknjTYPWNOnWDKTEDKTEDVTEDKpZwY0ZnlszqBpB3draOWUvYfmv6dXMNfTy9vHNtvUjuZpL6FNZuDUDGrcAPR0h0q5EDznWc8nWDdsWbQsW9LTHTKnTDKnikQnE7exEDQnjT1nkDQnjTQPHTvTHDOn16BrHE3sHRWuADVPAR-rad6PHNvsHF-rHTQP1T1nH0QPEDKnTDKTHTKnHTksjDkn1E_nHmkrjbKn9D1uHuWuHDvnWK-n1-bP1Ib
单间 | 万恒家园 月度两次保洁 新上好房 带阳台房间 交通便,青塔,2350,https://bj.58.com/hezu/41694417888935x.shtml?houseId=1414843805065231&shangquan=qingta&shangquanId=6035&dataSource=2&legourl=//legoclick.58.com/jump?target=szqBpB3draOWUvYfpARlIitYnHmOPjEQP193rjb1Pg980v6YUykKuadWuWT1mWT1uid6uH9QsHw6nhmVmymkmzd6P10dPvEzrjRWryDKPWDvnWT1rH0knWmdP1NKTHDYnHE3Pjn3njNkPWNzn1DKnWDQnjTKnWDQnjTKnikQnTDQnjTKnHN3PWTOnjNznH0YPTD3TNujsNYVOlXxOCB4OsBeOmBgl2AClpAdOGyYOuacOlXxOoXLOCliTHDKnEDKsHDKTHDzPjN1njTkPjbLn1N1nW0LPjEKP9DKnEDLuj9LPjczuidBnhnLsHwhuj0VmWubrid-P1czrj0Yryc3rjDKnHcYPHnknjTYrHbvnH91nWEYrTDQnWEdn1TknjEOrHDOrj0LnHckTEDKTEDKsEDKTy6YIZK1rBtfmhC8PH98mvqVsvPCIgGdsk7CPbd5PhkvwvV3iRKvwAQ2HBKWRgFM5HYKnWczsWcQPi3Oni33PkDkTHTKTHD_nHcKXLYKnHTkn1nKnHTknHNkP9Dzuy7WuhwBuaYYn1b3sHEYmhnVrj-hnBYdrj9OmyDYuymvmvcKTHTKTEDkTHDknakQnjcvsjmkn1NKn9DdPHwbmHF-nHELmHTvryDL
单间 | 主语家园 WIFI 随时入住 卧室南向 出行方便,甘家口,2930,https://bj.58.com/hezu/41694538198147x.shtml?houseId=1414859205188616&shangquan=ganjiakou&shangquanId=1246&dataSource=2&legourl=//legoclick.58.com/jump?target=szqBpB3draOWUvYfpARlIitYnHmOPjN1rjDOrjDYPL980v6YUykKuadWuWT1mWT1uid6uH9QsHw6nhmVmymkmzd6P10dPvEzrjRWryDKPWNdrHT3PjnYn1NLrj9KTHDYnHE3PHbznjNQrj9vnHmKnHmzrHbKnHmzrHbKnikQnTDQnjTKnHN3PWTOnjNznH0YPTDOTNujsNYVOlXxOCB4OsBeOmBgl2AClpAdOGyYOuacOlXxOoXLOCliTHDKnEDKsHDKTHDzPjN1njnOrj9knWnznjN3rj9KP9DKnE7-nAEYPA7WuBY3uhNOsHELmHEVmWEYPaYOPhcYrj0duycLnHDKnHcYPHnkn1b3rjDYPj9Ynj0kPTDQnWEdn1T1rH93nj9QrHcvnHEYTEDKTEDKsEDKTy6YIZK1rBtfmhC8PH98mvqVsvPCIgGdsk7CPbd5PhkvwvV3iRKvwAQ2HBKWRgFM5HYKnWczsWcQPi3Oni33PkDkTHTKTHD_nHcKXLYKnHTkn1nKnHTknHNkP9DkP1DLuyR6mzYkPHmzsHwhnhmVmWmkuBYYrj9vnWbdrHu-uhEKTHTKTEDkTHDknakQnjc3sjDzPjmKn97-mHmvnWIhnhPWnWcdrAnY
单间 | 嘉莲苑 风格装修 精装全齐 家具齐全 出行方便,菜户营,2290,https://bj.58.com/hezu/41694360928778x.shtml?houseId=1414836514873354&shangquan=caihuying&shangquanId=6028&dataSource=2&legourl=//legoclick.58.com/jump?target=szqBpB3draOWUvYfpARlIitYnHmOPjnvnjbzrj0LrZ980v6YUykKuadWuWT1mWT1uid6uH9QsHw6nhmVmymkmzd6P10dPvEzrjRWryDKPWDvnH0kPWn1rjckn1cKTHDYnHE3n1mdnHE3P1n1PHEKnWTknjTKnWTknjTKnikQnTDQnjTKnHN3PWTOnjNznH0YPTDQnT7AEzdPsXXMMSpcfSi38Syc-SB6Jrh6VXpRVryEBrXMMSpLVSprb9DQTHDKTiYQTEDQnWEdnWb3nH9knW91P1DdPH9YTHmKTHDKmvFBnjNLryNVuAm3PiYYuhRBsH-bPWnVrjwhPWNznH-BmvwWTHDzPjNzrH9QrjTYnH0OnWDknWEKnHcYPHcOrjD3njndrHcknj0vrTDKTEDKTiYKTE7CIZwk01CfsvFJsWN3shPfUiqWpZRlIitKpjuPH1u_PbIoXD-EIbw_ib39mdRzu1YqTHcznB3znHN8rHD8rj0KnTDkTEDQsjDzTgVqTHDknjn1THDknjDdnjmKujwbPHNzmWDVP1TLnBYYnW0vsH6-PAmVmHPBuWmLuAn3nhcQTEDkTEDKnTDQnjT_nHTzPBkvnjc3THcKnyRhnyE3mHnvPAu6njb3uE
单间 | 可协助报备  无忧入住 角门12号院 智能门锁  小,角门,2170,https://bj.58.com/hezu/41694758985364x.shtml?houseId=1414887465902091&shangquan=jiaomen&shangquanId=6860&dataSource=2&legourl=//legoclick.58.com/jump?target=szqBpB3draOWUvYfpARlIitYnHmOPj0drjb3PHnvPZ980v6YUykKuadWuWT1mWT1uid6uH9QsHw6nhmVmymkmzd6P10dPvEzrjRWryDKPWNOPj9zrj0knHEQPj9KTHDYnHE3rj0YPWNOnjckrHDKnHm3njTKnHm3njTKnikQnTDQnjTKnHN3PWTOnjNznH0YPEDQnE7AEzdPsXXMMSpcfSi38Syc-SB6Jrh6VXpRVryEBrXMMSpLVSprb9DQTHDKTiYQTEDQnWEdPWNkPjmYn1TdrjE3n1ckTHmKTHDKPyNdujbYrjTVmvcQmzYYuHcOsy7BnAcVP1cOnA7Wn1FBrjEdTHDzPjNvPHTYPWEYnW0YrHNYnWEKnHcYPHmdnjEvPjnvPjNvrjNLP9DKTEDKTiYKTE7CIZwk01CfsvFJsWN3shPfUiqWpZRlIitKpjuPH1u_PbIoXD-EIbw_ib39mdRzu1YqTHcznB3znHN8rHD8rj0KnTDkTEDQsjDzTgVqTHDknjn1THDknjDdnjmKm1RBPyc3uAcVP1RhuiYYnhcOsyc3rjNVuW-BP1wWPyFBPvFBTEDkTEDKnTDQnjT_nHTzPBkvrjmkTHcKmWc1m1IWPhmYPHmzrHFhnE
单间 | s1小园精装主卧带飘窗 三室一厅 南北通透 拎包入住,永定,1500,https://bj.58.com/hezu/41498535306136x.shtml?houseId=1389770834469888&shangquan=yongding&shangquanId=6919&dataSource=2&legourl=//legoclick.58.com/jump?target=szqBpB3draOWUvYfpARlIitYnHEOrjN1PHnkPWD1PM980v6YUykKuadWuWT1mWT1uid6uH9QsHw6nhmVmymkmzd6P10dPvEzrjRWryDKPWE3PjcLnWDzPWc1PHTKTHD1rjbLP1T3n1EYPWb3rj9KnHcznjTKnHcznjTKnikQnTDQnjTKnHN3PWTOnjNznH0YPEDQn97AEzdPsXXMMSpcfSi38Syc-SB6Jrh6VXpRVryEBrXMMSpLVSprb9DQTHDKTiYQTEDQnWEdnHm1n1NYP1NYrHc3PWEkTHmKTHDKm1u-nj-WnyNVnjTLuBYYPyR-sHbOnAEVPW0OPWIhuhwhnhmQTHDzPjNQPWn1PHE3P1mdPHDQPWbKnHcYPHDvn1ndPj9Qn1m1PWmkrTDKTEDKTiYKTE7CIZwk01CfsvFJsWN3shPfUiqWpZRlIitKpjuPH1u_PbIoXD-EIbw_ib39mdRzu1YqTHcznB3znHN8rHD8rj0KnTDkTEDQsjDzTgVqTHDknjn1THDknjDdnjmKnWnduWD3P19VuHFhmiYYPAFbsHbdnHbVnHnQP1KbmvcdnyEzTEDkTEDKnTDQnjT_nHTzrikvrHDOTHcKnvEzuAnzuANYuW6bm19zuT
单间 | 翠林一里 活动房 随时可看 无忧退定金 可 设施齐全,右安门,2200,https://bj.58.com/hezu/41714009746075x.shtml?houseId=1417351562846216&shangquan=youanmen&shangquanId=5134&dataSource=2&legourl=//legoclick.58.com/jump?target=szqBpB3draOWUvYfpARlIitYnH0QPjTkrH0YPWTLPg980v6YUykKuadWuWT1mWT1uid6uH9QsHw6nhmVmymkmzd6P10dPvEzrjRWryDKPWnQPjELrH9vrHNQrjnKTHDYnH01PHDdPWc3PjmznHmKnWNknjTKnWNknjTKnikQnTDQnjTKnHN3PWTOnjNznH0YPEDQnk7AEzdPsXXMMSpcfSi38Syc-SB6Jrh6VXpRVryEBrXMMSpLVSprb9DQTHDKTiYQTEDQnWEdrHEznjNLn1cLrHnOPH9YTHmKTHDKn1mdnhcOnHDVPAF6mBYYn1D3sH-hPW0VPH9kmhDYnW7hnhwBTHDzPjNOPjckPH0LnHn3njnzPWEKnHcYPHbYnWTdP1mdnj93rj0kPTDKTEDKTiYKTE7CIZwk01CfsvFJsWN3shPfUiqWpZRlIitKpjuPH1u_PbIoXD-EIbw_ib39mdRzu1YqTHcznB3znHN8rHD8rj0KnTDkTEDQsjDzTgVqTHDknjn1THDknjDdnjmKrHwhuyDLnHcVnvnQmBYYnHTksycOPHEVPW-bujcznvEvnWI-TEDkTEDKnTDQnjT_nHTzPBkdnHnYTHcKnHcLPWI6rHTYPHPWmW9dnE
单间 | 安苑里 朝南精装大卧室 地铁10号线安贞门 奥体中心,惠新里,3000,https://bj.58.com/hezu/41704730460581x.shtml?houseId=1416163814155272&shangquan=huixl&shangquanId=14576&dataSource=2&legourl=//legoclick.58.com/jump?target=szqBpB3draOWUvYfpARlIitYnH0kPj01njEvnjN3ng980v6YUykKuadWuWT1mWT1uid6uH9QsHw6nhmVmymkmzd6P10dPvEzrjRWryDKn1ckn1mYnjn1PH0OPH9KTHDYnHmQPWn3nHEQPHNzP1cKnH9vnjTKnH9vnjTKnikQnTDQnjTKnHN3PWTOnjNznH0YPEDQPT7AEzdPsXXMMSpcfSi38Syc-SB6Jrh6VXpRVryEBrXMMSpLVSprb9DQTHDKTiYQTEDQnWEdPW9LnH9knWEYrjnznWNvTHmKTHDKnjmQmycvnWnVuj9QnzYYuW0OsyDYmHmVn1NzujmLnhN1uAEYTHDzPjNvrj0QrjT1P1TvPjbkrjbKnHcYPHm3P1D3njcOrHnYPHbznTDKTEDKTiYKTE7CIZwk01CfsvFJsWN3shPfUiqWpZRlIitKpjuPH1u_PbIoXD-EIbw_ib39mdRzu1YqTHcznB3znHN8rHD8rj0KnTDkTEDQsjDzTgVqTHDknjn1THDknjDdnjmKnjRhmvndPhNVPAwWuaYYmWmzsyDvrANVuADYryndnHTLnAnQTEDkTEDKnTDQnjT_nHTzPikQPjNYnkDzTH0OPjIBuH0LnHPhn1D1nAE
单间 | 角门东地铁 鑫福里小区次卧出租 家电齐全 随时看房,西罗园,2100,https://bj.58.com/hezu/41148238103683x.shtml?houseId=1344932793148418&shangquan=xiluoyuan&shangquanId=5136&dataSource=2&legourl=//legoclick.58.com/jump?target=szqBpB3draOWUvYfpARlIitYnHDYrjc1rjDkn1m3nL980v6YUykKuadWuWT1mWT1uid6uH9QsHw6nhmVmymkmzd6P10dPvEzrjRWryDKPWNOnWNzPW0LPWEYrHcKTHD1PjEOn1cLrHnQPj9YnH9KnH9OnjTKnH9OnjTKnikQnTDQnjTKnHN3PWTOnjNznH0YPEDQPE7AEzdPsXXMMSpcfSi38Syc-SB6Jrh6VXpRVryEBrXMMSpLVSprb9DQTHDKTiYQTEDQnWEvPW0On1nLPj03rHnYPHc3THmKTHDKuyP-ujbknynVP1u6uBYYPHu6sH9YP1cVP16bnvndPHTOnAmYTHDzPjmvP1b1n10vnWbOnH0QrjEKnHcYPWmLrHn1P1NLnHDOPWbzrTDKTEDKTiYKTE7CIZwk01CfsvFJsWN3shPfUiqWpZRlIitKpjuPH1u_PbIoXD-EIbw_ib39mdRzu1YqTHcznB3znHN8rHD8rj0KnTDkTEDQsjDzTgVqTHDknjn1THDknjDdnjmKrA7bmHK-mWnVnvu-miYYuHR-sH91njnVmWFhPyEduHNkPHR6TEDkTEDKnTDQnjT_nHTzPBkdnHnvTHcKuWEdPHEvPy7BPHDvnvw-n9
单间 | 西直门，明光桥，枫蓝国际，依都阁小区精装独卫，家电家,北太平庄,3900,https://bj.58.com/hezu/41680150619802x.shtml?houseId=1413017594979333&shangquan=beitaipingzhuang&shangquanId=5792&dataSource=2&legourl=//legoclick.58.com/jump?target=szqBpB3draOWUvYfpARlIitYnHm3njDdnjmQrH9knM980v6YUykKuadWuWT1mWT1uid6uH9QsHw6nhmVmymkmzd6P10dPvEzrjRWryDKPW03PW93rj0LnHNdrHbKTHDYnHnknH0drHEOP1b1n1nKnH9knjTKnH9knjTKnikQnTDQnjTKnHN3PWTOnjNznH0YPEDQP97AEzdPsXXMMSpcfSi38Syc-SB6Jrh6VXpRVryEBrXMMSpLVSprb9DQTHDKTiYQTEDQnWEvn1NknjEdrHndnjNkP1NzTHmKTHDKmH9Ynj-BPjcVPH9YraYYuHE3syFhPWnVnhNzPvR-PyFbuW9kTHDzPjm1PHTkPjm1n10LnjnOn1mKnHcYPWndnjTYPWcvPWEknj0vrTDKTEDKTiYKTE7CIZwk01CfsvFJsWN3shPfUiqWpZRlIitKpjuPH1u_PbIoXD-EIbw_ib39mdRzu1YqTHcznB3znHN8rHD8rj0KnTDkTEDQsjDzTgVqTHDknjn1THDknjDdnjmKnW9kP1bkmWcVuAczniYYm16BsycYm1EVujmOPWTYPynQmWR6TEDkTEDKnTDQnjT_nHTzrakdP1bzTHcKrjw6P191PWK-P16hPH6bnE
单间 | 门头沟大峪京煤集团医院附近正规朝阳主卧出租屋,大峪,1250,https://bj.58.com/hezu/41463732456609x.shtml?houseId=1385316070054916&shangquan=bjdayu&shangquanId=6895&dataSource=2&legourl=//legoclick.58.com/jump?target=szqBpB3draOWUvYfpARlIitYnHEvn101nWEdPWmkrg980v6YUykKuadWuWT1mWT1uid6uH9QsHw6nhmVmymkmzd6P10dPvEzrjRWryDKPW91PWDYPH93P1D1nHEKTHD1rjN1nHmkP1TkPHEOnHmKnHDdnjTKnHDdnjTKnikQnTDQnjTKnHN3PWTOnjNznH0YPEDQPk7AEzdPsXXMMSpcfSi38Syc-SB6Jrh6VXpRVryEBrXMMSpLVSprb9DQTHDKTiYQTEDQnWEvPWmYPHEQrj9zrjD3PHmQTHmKTHDKuAD1rjKWuyDVPWnQnzYYrjD3syc3rHTVPjczrAcQPAw6n1mLTHDzPjmvPWEdPjcknj9vPj0vrjcKnHcYPWmvPjNYnHbYnHNdnHDkPTDKTEDKTiYKTE7CIZwk01CfsvFJsWN3shPfUiqWpZRlIitKpjuPH1u_PbIoXD-EIbw_ib39mdRzu1YqTHcznB3znHN8rHD8rj0KnTDkTEDQsjDzTgVqTHDknjn1THDknjDdnjmKPjIWPAu6rynVPADzriYYmvP6syDzrHDVmvDLujKWmHELmH9YTEDkTEDKnTDQnjT_nHTzrikvrjbdTHcKrH93Pj01nhDQnhD3PjNznk
单间 | 双榆树  精装主卧 人大地铁站 中航广场 中卫通 中,双榆树,3500,https://bj.58.com/hezu/41695131381891x.shtml?houseId=1414935131907075&shangquan=shuangyushu&shangquanId=5967&dataSource=2&legourl=//legoclick.58.com/jump?target=szqBpB3draOWUvYfpARlIitYnHmOPHD1nHn3nH9Ong980v6YUykKuadWuWT1mWT1uid6uH9QsHw6nhmVmymkmzd6P10dPvEzrjRWryDKPWnOn19YPWmLrHEknjnKTHDYnHEOn1NQn1DOnj0kP1NKnH9QnjTKnH9QnjTKnikQnTDQnjTKnHN3PWTOnjNznH0YPEDQrT7AEzdPsXXMMSpcfSi38Syc-SB6Jrh6VXpRVryEBrXMMSpLVSprb9DQTHDKTiYQTEDQnWEdrHD1rHTknWnQnH9Yn19YTHmKTHDKPARbPhc3P10VrHFBriYYuWcLsyDvnWcVP1D3rjTLP1PhPjbkTHDzPjNOnHnOnjTdPjNLPH0QrjEKnHcYPHbQn1bknjE3nW91njn1P9DKTEDKTiYKTE7CIZwk01CfsvFJsWN3shPfUiqWpZRlIitKpjuPH1u_PbIoXD-EIbw_ib39mdRzu1YqTHcznB3znHN8rHD8rj0KnTDkTEDQsjDzTgVqTHDknjn1THDknjDdnjmKuhEdmHTkujNVm1R-nBYYm1n3syDzrHmVm1EQnjDduh7-nAcvTEDkTEDKnTDQnjT_nHTzrakdrHmLTHcKuW01rHP-P1bOPHcvnjN1Pk
单间 | 0押金 传媒大学八通线 福慧嘉苑小区 次卧带空调 随,定福庄,1800,https://bj.58.com/hezu/41660712860039x.shtml?houseId=1410529561764873&shangquan=dingfuzhuang&shangquanId=6835&dataSource=2&legourl=//legoclick.58.com/jump?target=szqBpB3draOWUvYfpARlIitYnHmvnj0QnW9vnjT1rg980v6YUykKuadWuWT1mWT1uid6uH9QsHw6nhmVmymkmzd6P10dPvEzrjRWryDKPWm3njmdrHD3njnQPjcKTHDYnHTdnWbdPWDLPWE3P1nKnWDLnjTKnWDLnjTKnikQnTDQnjTKnHN3PWTOnjNznH0YPEDQrE7AEzdPsXXMMSpcfSi38Syc-SB6Jrh6VXpRVryEBrXMMSpLVSprb9DQTHDKTiYQTEDQnWEvnWndPjcLrHN3rHm3n1ckTHmKTHDKnH0LPvNdrAmVn1nvPaYYm1mdsH9dujbVmHTvryEOuWcLrA7BTHDzPjmzn1NYnW9kP1m1rHmdPjNKnHcYPWc1PHEzrjTQP1mLPWc3rTDKTEDKTiYKTE7CIZwk01CfsvFJsWN3shPfUiqWpZRlIitKpjuPH1u_PbIoXD-EIbw_ib39mdRzu1YqTHcznB3znHN8rHD8rj0KnTDkTEDQsjDzTgVqTHDknjn1THDknjDdnjmKnWELPhc3nH9VuAFWnaYYujc1sH9knyNVPyRWn1IWujK6rjIhTEDkTEDKnTDQnjT_nHTzPikvrjndTHcKrj93PjcYm10zrH66mvDOnk
整租 | AAA温.馨.推.荐.定慧东里.豪华3居.万寿路.西,定慧寺,8800,https://bj.58.com/zufang/41724265854230x.shtml?houseId=1418664344951817&shangquan=dinghuisi&shangquanId=7555&dataSource=2&legourl=//legoclick.58.com/jump?target=szqBpB3draOWUvYfXMRhmyOMs1EQP1cYnWmdrjNYnWnkXaO1pZwVUT7bsyPhnjPBnjP-sy7-rjDVPADzuBd6uWKWsyDLP1NLujc3PynOmEDvP1b3PjEzPWbQnW03nkDKnHEQrjmvPjnYPjbdnH9QPkDzn1DknTDzn1DknTDQsjDkTHDknTDQPH9vnjbkPHcQP1EdTHckTNujsNYVOlXxOCB4OsBeOmBgl2AClpAdOGyYOuacOlXxOoXLOCliTHDKnEDKsHDKTHDzPjmzrjN1nHEknWbzP10QrjEKP9DKnEDzmHcznhmduBYLnWDksHEOPH9VrjEYPiYzmWR6ryNYn1P6PHnKnHcYPWc3PHnQPjnknHbkPWbYPTDQnWEvnW9dn1DYnWnYP1b3nj9kTEDKTEDKsEDKTy6YIZK1rBtfmhC8PH98mvqVsvPCIgGdsk7CPbd5PhkvwvV3iRKvwAQ2HBKWRgFM5HYKnWczsWcQPi3Oni33PkDkTHTKTHD_nHDKXLYKnHTkn1nKnHTknHNkP97bnym3rHNzPBdWuj7hsHEdnWNVmW6WnzYQuhF6rAmduhc1nH0KTHTKTEDkTHDknakQnjc3sj0dPWNKn9DYuHmvPhw6uW7bnyFWuHmL
"单间 | 六号线物资学院路 正规阳台卧室,随时看房 家电家具齐",物资学院路,2280,https://bj.58.com/hezu/41726137447331x.shtml?houseId=1418903908736008&shangquan=wuzixueyl&shangquanId=24759&dataSource=2&legourl=//legoclick.58.com/jump?target=szqBpB3draOWUvYfpARlIitYnH0zPWD1P1EYP1n1ng980v6YUykKuadWuWT1mWT1uid6uH9QsHw6nhmVmymkmzd6P10dPvEzrjRWryDKPWNOPWb1rH01nWndn1DKTHDYnH9OnjnOnj9Ln1mknj9KnWcLrHbKnWcLrHbKnikQnTDQnjTKnHN3PWTOnjNznH0YPEDznE7AEzdPsXXMMSpcfSi38Syc-SB6Jrh6VXpRVryEBrXMMSpLVSprb9DQTHDKTiYQTEDQnWEvPWDkn1bQnjbYPHnYnHEYTHmKTHDKnjTkPvuBPH9VmWT1PiYYuWE1syc1PyEVm1bQPvRbmWRWnWuhTHDzPjmvnHT1rHDYn1TkrHTLPHcKnHcYPWmQnjnOnHn3n1bYnHDznEDKTEDKTiYKTE7CIZwk01CfsvFJsWN3shPfUiqWpZRlIitKpjuPH1u_PbIoXD-EIbw_ib39mdRzu1YqTHcznB3znHN8rHD8rj0KnTDkTEDQsjDzTgVqTHDknjn1THDknjDdnjmKmhEOrHKWuAEVuAPhraYYPjbLsyDdrH0VmynkuhckuyFhrAR-TEDkTEDKnTDQnjT_nHT1nikzPj0drEDzTHELP17WmHw6PH6BnvNYnWE
整租 | 望京 阜通 望花路西里小区  全新精装修两居室 有钥,花家地,7000,https://bj.58.com/zufang/41727666996114x.shtml?houseId=1419099691244546&shangquan=huajiadi&shangquanId=6019&dataSource=2&legourl=//legoclick.58.com/jump?target=szqBpB3draOWUvYfXMRhmyOMs1EQP1cLPWmvrHbvnHDYXaO1pZwVUT7bsyPhnjPBnjP-sy7-rjDVPADzuBd6uWKWsyDLP1NLujc3PynOmEDYPWbzPW9krHEvPjT3PkDKnHEQrHTOrHmOnHcYPjNYP9DzP1DknTDzP1DknTDQsjDkTHDknTDQPH9vnjbkPHcQP1EdTHczTNujsNYVOlXxOCB4OsBeOmBgl2AClpAdOGyYOuacOlXxOoXLOCliTHDKnEDKsHDKTHDzPjmLPH9QnWckn1bdPjbOPHcKP9DKnEDvujDkPjT1mBYOnhDOsHE1mWTVmHP-uidBuANLuyubPW-BmvDKnHcYPW0drjDznWndrjnzrHnYPTDQnWEvP1N3nHcznWbdPjDYP19YTEDKTEDKsEDKTy6YIZK1rBtfmhC8PH98mvqVsvPCIgGdsk7CPbd5PhkvwvV3iRKvwAQ2HBKWRgFM5HYKnWczsWcQPi3Oni33PkDkTHTKTHD_nHDKXLYKnHTkn1nKnHTknHNkP9DQmvFbuH0vuidbuW-6sHEznW0Vryw-PaYvuh7BPW9kPvF6uAEKTHTKTEDkTHDknakQnjcdsjmknHbKn97-ujPBP1IhPH0knANYPWNQ
单间 | 珠江峰景 全新家电 干净简洁 整洁舒适 1到地铁,青塔,2020,https://bj.58.com/hezu/41548872209171x.shtml?houseId=1396213958123531&shangquan=qingta&shangquanId=6035&dataSource=2&legourl=//legoclick.58.com/jump?target=szqBpB3draOWUvYfpARlIitYnHNYrj9LnWckrHDLng980v6YUykKuadWuWT1mWT1uid6uH9QsHw6nhmVmymkmzd6P10dPvEzrjRWryDKPWDvnHbvPHbkrHDznj0KTHD1rHmznHnOPH9QnWndn1DKnWDQnjTKnWDQnjTKnikQnTDQnjTKnHN3PWTOnjNznH0YPEDznk7AEzdPsXXMMSpcfSi38Syc-SB6Jrh6VXpRVryEBrXMMSpLVSprb9DQTHDKTiYQTEDQnWEkPHnkrjcznjNOnjT3njTkTHmKTHDKPAmOmHTOuWmVryDvmBYYmHw6sH91P10VrjKhPvmdnjNkuHE1THDzPjTdn1T3nWcznHEznjbdn1mKnHcYnjN1nj9znWcQPjDOP1cYrTDKTEDKTiYKTE7CIZwk01CfsvFJsWN3shPfUiqWpZRlIitKpjuPH1u_PbIoXD-EIbw_ib39mdRzu1YqTHcznB3znHN8rHD8rj0KnTDkTEDQsjDzTgVqTHDknjn1THDknjDdnjmKPvRhPHNkP1NVujc1niYYuAF6sH91PhEVmvDQmhnQujKbm1FWTEDkTEDKnTDQnjT_nHTzPBkvnjndTHcKnH93uHRbnjKhmWF6nW0QuT
单间 | 定慧寺东里 阜成路北京大学肿瘤医院 朝南精装主卧 带,定慧寺,3230,https://bj.58.com/hezu/41690414660754x.shtml?houseId=1414331392285711&shangquan=dinghuisi&shangquanId=7555&dataSource=2&legourl=//legoclick.58.com/jump?target=szqBpB3draOWUvYfpARlIitYnHmOnjEQPjmvnj0dPZ980v6YUykKuadWuWT1mWT1uid6uH9QsHw6nhmVmymkmzd6P10dPvEzrjRWryDKPHbOnHcznHcLP1mznj0KTHDYnHE1n1D1rHczrjNLnHDKnWDQnjTKnWDQnjTKnikQnTDQnjTKnHN3PWTOnjNznH0YP9DzPT7AEzdPsXXMMSpcfSi38Syc-SB6Jrh6VXpRVryEBrXMMSpLVSprb9DQTHDKTiYQTEDQnWEdrjbvn1ndPHcznjD1nH9YTHmKTHDKnjN1PHNzrANVuhDOriYYPvuWsyDYmHTVrj76uh7-P1b3mWFhTHDzPjN3rHm1n1N3rjcLnWn1n1TKnHcYPH9OPWn1PH9QrH9krj0vrTDKTEDKTiYKTE7CIZwk01CfsvFJsWN3shPfUiqWpZRlIitKpjuPH1u_PbIoXD-EIbw_ib39mdRzu1YqTHcznB3znHN8rHD8rj0KnTDkTEDQsjDzTgVqTHDknjn1THDknjDdnjmKuH0OnWcdPADVnj9YuiYYujmzsyDQn1bVP1RhuH0QPv7-m19YTEDkTEDKnTDQnjT_nHTzrakLPHmdTHcKnvnOnhE1myNduAnYuHKWuT
整租 | 10号线大红门 建欣苑六里 带电梯三居室,大红门,7000,https://bj.58.com/zufang/41734631095065x.shtml?houseId=1419991095876618&shangquan=dahongmen&shangquanId=5137&dataSource=2&legourl=//legoclick.58.com/jump?target=szqBpB3draOWUvYfXMRhmyOMs1EQP1nYPWnQnjbdnjmdXaO1pZwVUT7bsyPhnjPBnjP-sy7-rjDVPADzuBd6uWKWsyDLP1NLujc3PynOmEDdP19OP1TOnHnOnWcLnTDKnHEQrHbOnHTOPH9LPWmQrTDznHcknTDznHcknTDQsjDkTHDknTDQPH9vnjbkPHcQP1EvTHcdTNujsNYVOlXxOCB4OsBeOmBgl2AClpAdOGyYOuacOlXxOoXLOCliTHDKnEDKsHDKTHDzPjmvnHbOPWnkrj0vPHbknj9KP9DKnEDLrAEQP1nvuiYQrA7hsHwWn1mVmWbLuaYvuWmYPvRbrHEOrymKnHcYPWmQrHbvn1ckrHcOn19zPTDQnWEvPWDOrHm1nHNkPH01PHm3TEDKTEDKsEDKTy6YIZK1rBtfmhC8PH98mvqVsvPCIgGdsk7CPbd5PhkvwvV3iRKvwAQ2HBKWRgFM5HYKnWczsWcQPi3Oni33PkDkTHTKTHD_nHDKXLYKnHTkn1nKnHTknHNkP9DduW03myubPzY3nyuWsHEkPvnVrHNQniYdnjm3mhcLnyuBm1bKTHTKTEDkTHDknakQnjcvsjNQn10Kn9DkuWcznj9LPWm3nWPhuWDQ
单间 | 可月付 宋家庄 肖村 小红门鸿博家园 0中介 无杂费,小红门,1890,https://bj.58.com/hezu/39163931616004x.shtml?houseId=1090941562445825&shangquan=xiaohongmen&shangquanId=6838&dataSource=2&legourl=//legoclick.58.com/jump?target=szqBpB3draOWUvYfpARlIit1rHDvn1b1nHmQPWTkPZ980v6YUykKuadWuWT1mWT1uid6uH9QsHw6nhmVmymkmzd6P10dPvEzrjRWryDKPWD3PHn1PHcznHDOP1nKTHDkrHTOPjDdPWcYPjN3nWNKnHc1njTKnHc1njTKnikQnTDQnjTKnHN3PWTOnjNznH0YP9DzP97AEzdPsXXMMSpcfSi38Syc-SB6Jrh6VXpRVryEBrXMMSpLVSprb9DQTHDKTiYQTEDQnWEvnWmOn1n1nHmOnjTkPjEOTHmKTHDKPAc3nW--uH9VuW7buiYYPHDOsH9dnHNVuWEduW66nW9drjubTHDzPjmzPWb1n1nzrjczn1E1PW9KnHcYPWcvrHn1n1c1nHbQPHTkrTDKTEDKTiYKTE7CIZwk01CfsvFJsWN3shPfUiqWpZRlIitKpjuPH1u_PbIoXD-EIbw_ib39mdRzu1YqTHcznB3znHN8rHD8rj0KnTDkTEDQsjDzTgVqTHDknjn1THDknjDdnjmKuWE3PymkrHcVPWwWPzYYuhPWsHbvmhcVuH9duAmduyP-PyDkTEDkTEDKnTDQnjT_nHTzPikvrjn3THcKrjwhnjIBPjbknhmYrHKWPE
单间 | 天伦锦城 月度两次保洁 家电齐全 卧室南向 带独立阳,新发地,2070,https://bj.58.com/hezu/41694424456980x.shtml?houseId=1414844645679116&shangquan=xinfadi&shangquanId=11380&dataSource=2&legourl=//legoclick.58.com/jump?target=szqBpB3draOWUvYfpARlIitYnHmOPjEzPjEdPWb3nZ980v6YUykKuadWuWT1mWT1uid6uH9QsHw6nhmVmymkmzd6P10dPvEzrjRWryDKPWNdrHTLrj9QnWTkP1bKTHDYnHE3PjEvPjNvP1bQnHmKnHEYnjTKnHEYnjTKnikQnTDQnjTKnHN3PWTOnjNznH0YP9DzPk7AEzdPsXXMMSpcfSi38Syc-SB6Jrh6VXpRVryEBrXMMSpLVSprb9DQTHDKTiYQTEDQnWEdPWcOrHcOPjn1rjmvnWEkTHmKTHDKrH0Ynh7hnHNVPWm1uaYYnjnOsH6WmWEVuHFbuWRbrjDdn1DzTHDzPjNvnWbOnWb3nHbLPHEYrHmKnHcYPHmzrHbzrH0vnHTznHbdnkDKTEDKTiYKTE7CIZwk01CfsvFJsWN3shPfUiqWpZRlIitKpjuPH1u_PbIoXD-EIbw_ib39mdRzu1YqTHcznB3znHN8rHD8rj0KnTDkTEDQsjDzTgVqTHDknjn1THDknjDdnjmKn1R-n1PWnHTVrHE3uiYYnHELsH6bm1cVmW0LuhDYrHm1m1DvTEDkTEDKnTDQnjT_nHTzPBkQnHndrTDzTHPhuARhuWbOPANOrAmLP19
整租 | 龙泽新龙城电梯 两居室 家具家电齐全 随时入住,回龙观,6500,https://short.58.com/zd_p/357e79e1-f325-418f-ba4d-902d51f13dbe/?target=dc-16-xgk_hvimob_57036851431211q-feykn&end=end&lego_ts=nHTksAEVmvD3uH-brHnVrjFhmBYYnjnQsyDYn1EVnAmkPH0Luj-6uHn1sjEQP1c3n1EdnjcdrHNd&shangquan=huilongguan&shangquanId=2640&dataSource=1
整租 | 新出红玺台4居室 随时起租 齐全家具家电 临地铁,太阳宫,50000,https://short.58.com/zd_p/8381d618-a7bb-4fcb-8f94-7d7e2e023c5a/?target=dc-16-xgk_hvimob_57048605061992q-feykn&end=end&lego_ts=nHTksAEVmvD3uH-brHnVrjFhmBYYnjnQsyDYn1EVnAmkPH0Luj-6uHn1sjEQP1T1rj0YP19dPWmO&shangquan=taiyanggong&shangquanId=6014&dataSource=1
整租 | 正南 2室1厅 金晖嘉园,小西天,15000,https://short.58.com/zd_p/8ff1d90b-272d-4878-86ec-bbd82576a5d1/?target=dc-16-xgk_hvimob_57070119091682q-feykn&end=end&lego_ts=nHTksAEVmvD3uH-brHnVrjFhmBYYnjnQsyDYn1EVnAmkPH0Luj-6uHn1sjEQP1DLPHNvP1mdrjnO&shangquan=xiaoxitian&shangquanId=6851&dataSource=1
整租 | 新出金融街 高端住宅 品质管家服务 专属  观景惬意,公主坟,120000,https://short.58.com/zd_p/b522b8e5-2e8b-40da-b8e3-803d21c61f79/?target=dc-16-xgk_hvimob_57085856202205q-feykn&end=end&lego_ts=nHTksAEVmvD3uH-brHnVrjFhmBYYnjnQsyDYn1EVnAmkPH0Luj-6uHn1sjEQP1nYn1E3rH0OrH0Y&shangquan=gongzhufen&shangquanId=1245&dataSource=1
整租 | 沿海赛洛城豪华装修loft，领包即住,百子湾,6300,https://short.58.com/zd_p/56af1121-5194-4811-b705-3cf464b35640/?target=dc-16-xgk_hvimob_57082133552671q-feykn&end=end&lego_ts=nHTksAEVmvD3uH-brHnVrjFhmBYYnjnQsyDYn1EVnAmkPH0Luj-6uHn1sjEQP1nOPHczPjEOrjDd&shangquan=baiziwan&shangquanId=7558&dataSource=1
整租 | 京津高速 亦庄线 通州次渠精装全齐泰禾一室两厅两卫,次渠,3800,https://short.58.com/zd_p/c54b258a-8858-4621-ab07-a279f4a06138/?target=dc-16-xgk_hvimob_57129158580344q-feykn&end=end&lego_ts=nHTksAEVmvD3uH-brHnVrjFhmBYYnjnQsyDYn1EVnAmkPH0Luj-6uHn1sjEQPHbvPHE1PjnLnWTk&shangquan=ciqu&shangquanId=14583&dataSource=1
整租 | 独立厨房 双面采光 次渠泰禾大户型三居两厅两卫出租,次渠,5500,https://short.58.com/zd_p/137e47c4-9c9a-40c7-adc5-30fcf7174cb8/?target=dc-16-xgk_hvimob_54569852968815q-feykn&end=end&lego_ts=nHTksAEVmvD3uH-brHnVrjFhmBYYnjnQsyDYn1EVnAmkPH0Luj-6uHn1sjEkPj9vn1EOPW91n1NY&shangquan=ciqu&shangquanId=14583&dataSource=1
整租 | 凯盛家园 拎包入住 价可谈 一居 干净温馨采光好,温泉,4000,https://short.58.com/zd_p/f7c9f5a0-d427-4441-a4da-970a702f5638/?target=dc-16-xgk_hvimob_57902673250883q-feykn&end=end&lego_ts=nHTksAEVmvD3uH-brHnVrjFhmBYYnjnQsyDYn1EVnAmkPH0Luj-6uHn1sjEQPW0OrjDzrHELn1nz&shangquan=bjwq&shangquanId=18168&dataSource=1
整租 | 大储物间 通州台湖 次渠泰禾精装全齐大两居两卫 民水,次渠,4900,https://short.58.com/zd_p/0c05cb52-31be-4977-9866-9daa9f6997f2/?target=dc-16-xgk_hvimob_57082178498676q-feykn&end=end&lego_ts=nHTksAEVmvD3uH-brHnVrjFhmBYYnjnQsyDYn1EVnAmkPH0Luj-6uHn1sjEQP1nOPHD1njm1rjD3&shangquan=ciqu&shangquanId=14583&dataSource=1
整租 | 小黄庄天丰利附近精装二居邻5号线和平西桥 看房方便中,和平街,6500,https://short.58.com/zd_p/69889d7c-20b9-42fd-a56a-021123bad8a0/?target=dc-16-xgk_hvimob_57031532526316q-feykn&end=end&lego_ts=nHTksAEVmvD3uH-brHnVrjFhmBYYnjnQsyDYn1EVnAmkPH0Luj-6uHn1sjEQP1cdPjcOPjb3nWN3&shangquan=hepingjie&shangquanId=5784&dataSource=1
整租 | 富丰园小区 1室0厅1卫,看丹桥,1200,https://short.58.com/zd_p/c946039a-e7d3-4c5f-922a-31bf9ecda4f1/?target=dc-16-xgk_hvimob_57045323733396q-feykn&end=end&lego_ts=nHTksAEVmvD3uH-brHnVrjFhmBYYnjnQsyDYn1EVnAmkPH0Luj-6uHn1sjEQP1TYnWbznHcznWm3&shangquan=bjkdq&shangquanId=15548&dataSource=1
整租 | Y 大悦城带花园可办.公 带地下室 诚意租 南北通透,朝青板块,16500,https://short.58.com/zd_p/41279caa-2f29-4c2c-a667-b8683d87a6c3/?target=dc-16-xgk_hvimob_57078369196084q-feykn&end=end&lego_ts=nHTksAEVmvD3uH-brHnVrjFhmBYYnjnQsyDYn1EVnAmkPH0Luj-6uHn1sjEQP1D1nW9vPHm3P1nk&shangquan=chaoqingbankuai&shangquanId=6833&dataSource=1
整租 | 实租 马南里西区两居 望京来广营马泉营善各庄崔各庄,来广营,5300,https://short.58.com/zd_p/4305d9d4-6f09-4971-80d9-0dcfb6e21985/?target=dc-16-xgk_hvimob_57048552127686q-feykn&end=end&lego_ts=nHTksAEVmvD3uH-brHnVrjFhmBYYnjnQsyDYn1EVnAmkPH0Luj-6uHn1sjEQP1T1PjEOPHbQrjn3&shangquan=laiguangying&shangquanId=6012&dataSource=1
整租 | Y 朝青复式1居 动静分离 地铁大悦城 保养好 家具,朝青板块,10500,https://short.58.com/zd_p/a86b226b-7658-4a64-8eb9-b165193645a8/?target=dc-16-xgk_hvimob_57581624343093q-feykn&end=end&lego_ts=nHTksAEVmvD3uH-brHnVrjFhmBYYnjnQsyDYn1EVnAmkPH0Luj-6uHn1sjEQPjndrjbknWTzP1mz&shangquan=chaoqingbankuai&shangquanId=6833&dataSource=1
整租 | soco公社！可办公！空房！霍营站8和13号线！,回龙观,4000,https://short.58.com/zd_p/b6c1d069-d013-4bd0-ad4d-4d5e673c382d/?target=dc-16-xgk_hvimob_57517161655095q-feykn&end=end&lego_ts=nHTksAEVmvD3uH-brHnVrjFhmBYYnjnQsyDYn1EVnAmkPH0Luj-6uHn1sjEQPjNQPH9drjEYP1mY&shangquan=huilongguan&shangquanId=2640&dataSource=1
整租 | 西坝河 光熙门站 光熙家园 3室 南北通透 153平,西坝河,16000,https://short.58.com/zd_p/b1af9026-3a99-407b-affa-6f48796ab5c3/?target=dc-16-xgk_hvimob_57032340449818q-feykn&end=end&lego_ts=nHTksAEVmvD3uH-brHnVrjFhmBYYnjnQsyDYn1EVnAmkPH0Luj-6uHn1sjEQP1cOnWTLnjTvn1N1&shangquan=xibahe&shangquanId=7561&dataSource=1
整租 | 物业直租 押一付一 昌平线西二旗 上地 生命科学园,昌平周边,1180,https://short.58.com/zd_p/cbb1e683-3896-41a1-81fc-55c1a6e26bb2/?target=dc-16-xgk_hvimob_86500967535482q-feykn&end=end&lego_ts=nHTksAEVnADzPjT1njnVuHP-PBYYPANOsyc1rAmVPjc1nH0Om1NznH0Ysjn3Pj0LPW9QPjcYnjnO&shangquan=changpingzhoubian&shangquanId=5154&dataSource=1
整租 | 保利大都会A1精装修南向复式图片价格拎包住六号线北关,北关,5300,https://short.58.com/zd_p/df794cc0-c1c5-4855-b9a8-865257163f12/?target=dc-16-xgk_hvimob_57914550265786q-feykn&end=end&lego_ts=nHTksAEVnADzPjT1njnVuHP-PBYYPANOsyc1rAmVPjc1nH0Om1NznH0YsjEQPWNkPjELrH9YnHn3&shangquan=bgbeiguan&shangquanId=5811&dataSource=1
整租 | 单间公寓房出租（个人）,清河,2200,https://short.58.com/zd_p/a080a672-f24f-44f3-97ca-83c68625061c/?target=dc-16-xgk_hvimob_57108470300406q-feykn&end=end&lego_ts=nHTksAEVnADzPjT1njnVuHP-PBYYPANOsyc1rAmVPjc1nH0Om1NznH0YsjEQPH01njDLnW0Lnj03&shangquan=qinghe&shangquanId=5791&dataSource=1
整租 | 金台路 呼家楼 金台北街 红庙北里 精装电梯房，俩卧,CBD ,6800,https://short.58.com/zd_p/7fb5f484-e934-4976-9d73-2ca8b62fe1ea/?target=dc-16-xgk_hvimob_57082436686361q-feykn&end=end&lego_ts=nHTksAEVnADzPjT1njnVuHP-PBYYPANOsyc1rAmVPjc1nH0Om1NznH0YsjEQP1nOnjc3rjn3nW9d&shangquan=cbd&shangquanId=6834&dataSource=1
单间 | 望京西园三区 精装卧室三合租次卧 绿地集团阿里巴巴,望京,3200,https://short.58.com/zd_p/c6e85528-b9e5-4d6c-b244-29a6afa6bf86/?target=dc-16-xgk_ephv_57030900047236q-feykn&end=end&lego_ts=nHTksAEVnADzPjT1njnVuHP-PBYYPANOsyc1rAmVPjc1nH0Om1NznH0YsjEQP1cLPW0LP1TQrHc3&shangquan=wangjing&shangquanId=1203&dataSource=1
单间 | 朝阳区酒仙桥东风北桥八街坊主卧带阳台,酒仙桥,2680,https://short.58.com/zd_p/b0ca05f4-a4ce-43ea-aaf3-9421c139e5c7/?target=dc-16-xgk_ephv_57514168383117q-feykn&end=end&lego_ts=nHTksAEVnADzPjT1njnVuHP-PBYYPANOsyc1rAmVPjc1nH0Om1NznH0YsjEQPjNkPH91nWnzPHNQ&shangquan=jiuxianqiao&shangquanId=1206&dataSource=1
单间 | 首月立减600 精装修卧室 随时入住 福慧嘉苑小区,定福庄,2000,https://short.58.com/zd_p/21d69729-d7ee-41b3-a7e9-b4b17f207fd0/?target=dc-16-xgk_ephv_57085948380788q-feykn&end=end&lego_ts=nHTksAEVnADzPjT1njnVuHP-PBYYPANOsyc1rAmVPjc1nH0Om1NznH0YsjEQP1nYPWT1nWnLnHn1&shangquan=dingfuzhuang&shangquanId=6835&dataSource=1
整租 | 交道口附近 精装修（独院）办公接待 有意境 交通好,交道口,26000,https://short.58.com/zd_p/5d46f7ab-1be9-4fd1-987e-83c7c3fdc062/?target=dc-16-xgk_hvimob_57589793794862q-feykn&end=end&lego_ts=nHTksAEVnADzPjT1njnVuHP-PBYYPANOsyc1rAmVPjc1nH0Om1NznH0YsjEQPjnvnHmznHmkn19O&shangquan=jiaodaokou&shangquanId=5819&dataSource=1
单间 | 望京西园四区 精装主卧 独立卫生间 临近望京地铁站,望京,3700,https://short.58.com/zd_p/665fdb30-a6f7-4912-8edd-f077e20a4f75/?target=dc-16-xgk_ephv_57924420112452q-feykn&end=end&lego_ts=nHTksAEVnADzPjT1njnVuHP-PBYYPANOsyc1rAmVPjc1nH0Om1NznH0YsjEQPWbknjbLPHNOnjEO&shangquan=wangjing&shangquanId=1203&dataSource=1
单间 | 白纸坊西街白广路都市晴园南菜园干净大次卧,白纸坊,2000,https://short.58.com/zd_p/c887d8bd-e1de-4873-8acf-8b354cbae955/?target=dc-16-xgk_ephv_57923105507217q-feykn&end=end&lego_ts=nHTksAEVnADzPjT1njnVuHP-PBYYPANOsyc1rAmVPjc1nH0Om1NznH0YsjEQPWbzPH0YPj0QrHNQ&shangquan=baizhifang&shangquanId=5835&dataSource=1
单间 | 鲁谷[精装]惠润嘉园 栗园庄地铁口 云梦家园 S1线,永定,1300,https://short.58.com/zd_p/08807ed9-330b-438c-8273-fd7537ae1cc6/?target=dc-16-xgk_ephv_57036730267416q-feykn&end=end&lego_ts=nHTksAEVnADzPjT1njnVuHP-PBYYPANOsyc1rAmVPjc1nH0Om1NznH0YsjEQP1c3nHcLrH9QnjN3&shangquan=yongding&shangquanId=6919&dataSource=1
整租 | 音乐学院周边 新出好房 正规一居带电梯 亲自拍摄 随,九棵树,3000,https://short.58.com/zd_p/206979c7-42f6-45f1-b4bb-59afcd3d495b/?target=dc-16-xgk_hvimob_57545438552017q-feykn&end=end&lego_ts=nHTksAEVnADzPjT1njnVuHP-PBYYPANOsyc1rAmVPjc1nH0Om1NznH0YsjEQPjTYnjc1PjEOP1NQ&shangquan=jiukeshu&shangquanId=5809&dataSource=1
整租 | 田村 地铁六号线 椿楸嘉园精装全南两居室 家具家电全,四季青,6500,https://short.58.com/zd_p/401c9f9e-86ef-47a9-b010-5912ff9d4e50/?target=dc-16-xgk_hvimob_57073383396255q-feykn&end=end&lego_ts=nHTksAEVnADzPjT1njnVuHP-PBYYPANOsyc1rAmVPjc1nH0Om1NznH0YsjEQP1DznWnznWm3rHEY&shangquan=sijiqinghd&shangquanId=6717&dataSource=1
单间 | 百子湾双井大望路 金海国际精美卧室 采光嘎嘎好 现房,百子湾,2400,https://short.58.com/zd_p/4182da31-8d49-4c21-a6e1-659f974b649e/?target=dc-16-xgk_ephv_57110262954265q-feykn&end=end&lego_ts=nHTksAEVnADzPjT1njnVuHP-PBYYPANOsyc1rAmVPjc1nH0Om1NznH0YsjEQPHNLrH9OPWEkrH9Y&shangquan=baiziwan&shangquanId=7558&dataSource=1
单间 | 黄渠   6号线 常营民族家园 押一付一,常营,1000,https://short.58.com/zd_p/53f485bf-1957-4136-ab2a-078413664126/?target=dc-16-xgk_ephv_57080704921843q-feykn&end=end&lego_ts=nHTksAEVnADzPjT1njnVuHP-PBYYPANOsyc1rAmVPjc1nH0Om1NznH0YsjEQP1nLnH0kPWbdn1Tz&shangquan=changying&shangquanId=6009&dataSource=1
单间 | 出租高楼金地铁站边上精装单间房子,土桥,1550,https://short.58.com/zd_p/1031967f-3d6c-432c-a4c3-79f04da163f8/?target=dc-16-xgk_ephv_57959406781412q-feykn&end=end&lego_ts=nHTksAEVnADzPjT1njnVuHP-PBYYPANOsyc1rAmVPjc1nH0Om1NznH0YsjEQPWEvnj03nHndnjNO&shangquan=tuqiao&shangquanId=5810&dataSource=1
单间 | 石景山精装精装直租 快4 直达苹果园 海淀五路居 随,永定,1200,https://short.58.com/zd_p/112b839b-e1b5-4a67-9c59-162017ebfc18/?target=dc-16-xgk_ephv_57032656950639q-feykn&end=end&lego_ts=nHTksAEVnADzPjT1njnVuHP-PBYYPANOsyc1rAmVPjc1nH0Om1NznH0YsjEQP1cOrjE3PWELrjcv&shangquan=yongding&shangquanId=6919&dataSource=1
单间 | 南湖东园二区 地铁望京站 精装次卧 采光好 三家合住,望京,1800,https://short.58.com/zd_p/0001c7cf-28d4-48f2-89a6-2ad25d3ee0ef/?target=dc-16-xgk_ephv_57085970790307q-feykn&end=end&lego_ts=nHTksAEVnADzPjT1njnVuHP-PBYYPANOsyc1rAmVPjc1nH0Om1NznH0YsjEQP1nYPWDLnHmLnW0Q&shangquan=wangjing&shangquanId=1203&dataSource=1
单间 | 望京医院 花家地南里  精装次卧出租 美院 家乐福,花家地,2200,https://short.58.com/zd_p/a0755b85-426e-4ea7-aac4-ed774673d4eb/?target=dc-16-xgk_ephv_57036066576256q-feykn&end=end&lego_ts=nHTksAEVnADzPjT1njnVuHP-PBYYPANOsyc1rAmVPjc1nH0Om1NznH0YsjEQP1c3P193PjD3rHE3&shangquan=huajiadi&shangquanId=6019&dataSource=1
整租 | 朝青青年路地铁旁精装两居之全家电全南7000干净整洁,朝青板块,7000,https://short.58.com/zd_p/ca1e34a1-9806-4302-a959-6e8fb5153feb/?target=dc-16-xgk_hvimob_57312043198225q-feykn&end=end&lego_ts=nHTksAEVnADzPjT1njnVuHP-PBYYPANOsyc1rAmVPjc1nH0Om1NznH0YsjEQnWNOP1TzPHm1rHbY&shangquan=chaoqingbankuai&shangquanId=6833&dataSource=1
单间 | 金都杭城(东区) 3室2厅2卫 主卧 南,百子湾,3600,https://short.58.com/zd_p/1c63b1c3-d092-4fef-a59d-035522162b26/?target=dc-16-xgk_ephv_80571109726301q-feykn&end=end&lego_ts=nHTksAEVnADzPjT1njnVuHP-PBYYPANOsyc1rAmVPjc1nH0Om1NznH0YsjnLPjDdPH0vnHb3nW0d&shangquan=baiziwan&shangquanId=7558&dataSource=1
单间 | 蓟门桥 知春路 西土城 北影 精装次卧 合租人少 预,蓟门桥,3000,https://short.58.com/zd_p/3b6fa67b-4f46-42b0-8153-7ac7151c3783/?target=dc-16-xgk_ephv_57081211677267q-feykn&end=end&lego_ts=nHTksAEVnADzPjT1njnVuHP-PBYYPANOsyc1rAmVPjc1nH0Om1NznH0YsjEQP1ndrHNdrjDQrH9Q&shangquan=jimenqiao&shangquanId=5985&dataSource=1
整租 | 快四沿线一居室拎包入住 家具家电齐全 周边配套全,城子街道 ,2300,https://short.58.com/zd_p/1e28af8f-2c78-46f4-83e8-1a65a7d8d887/?target=dc-16-xgk_hvimob_57967252244294q-feykn&end=end&lego_ts=nHTksAEVnADzPjT1njnVuHP-PBYYPANOsyc1rAmVPjc1nH0Om1NznH0YsjEQPW9QrHEOrHTkrHmk&shangquan=chengzijiedao&shangquanId=6896&dataSource=1
整租 | 丽泽桥十号线西局 恒泰广场 周庄子 丽泽景园精装全齐,丰益桥,5300,https://short.58.com/zd_p/5ffe0cac-076f-464e-b86b-d024973059ff/?target=dc-16-xgk_hvimob_57996273189209q-feykn&end=end&lego_ts=nHTksAEVnADzPjT1njnVuHP-PBYYPANOsyc1rAmVPjc1nH0Om1NznH0YsjEQPWm3rHDzPHnvrH0v&shangquan=fengyiqiao&shangquanId=15171&dataSource=1
整租 | 团结湖呼家楼白家庄豪装三居看房联系,团结湖,8000,https://short.58.com/zd_p/9b06e87e-25e5-4a1c-be4f-5824a39b3430/?target=dc-16-xgk_hvimob_57082396858965q-feykn&end=end&lego_ts=nHTksAEVnADzPjT1njnVuHP-PBYYPANOsyc1rAmVPjc1nH0Om1NznH0YsjEQP1nOnWm3n1E1PW9Y&shangquan=tuanjiehu&shangquanId=7559&dataSource=1
整租 | 姚家园东坝汇景苑精装修南北二居可长签合同，带一个免费,东坝,5400,https://short.58.com/zd_p/50d9eddc-f2c3-431f-beda-f0e8b5093d4b/?target=dc-16-xgk_hvimob_57078410749586q-feykn&end=end&lego_ts=nHTksAEVnADzPjT1njnVuHP-PBYYPANOsyc1rAmVPjc1nH0Om1NznH0YsjEQP1D1njNLnHTvPjn3&shangquan=dongba&shangquanId=6011&dataSource=1
单间 | 椿楸嘉园 南向三家合租 随时入住 采光足 配套齐全无,四季青,2300,https://short.58.com/zd_p/8912cc06-46ad-4ce7-b3f5-9360b7721f34/?target=dc-16-xgk_ephv_57081149946285q-feykn&end=end&lego_ts=nHTksAEVnADzPjT1njnVuHP-PBYYPANOsyc1rAmVPjc1nH0Om1NznH0YsjEQP1ndPHTvPWT3rHnY&shangquan=sijiqinghd&shangquanId=6717&dataSource=1
单间 | 天通苑西三区 4室0厅2卫 次卧 南,天通苑,800,https://short.58.com/zd_p/5041439f-5ddf-414f-89d9-20f60754563b/?target=dc-16-xgk_ephv_57708533591533q-feykn&end=end&lego_ts=nHTksAEVnADzPjT1njnVuHP-PBYYPANOsyc1rAmVPjc1nH0Om1NznH0YsjEQnH01PjczPjmdPjcz&shangquan=tiantongyuan&shangquanId=2641&dataSource=1
单间 | 阜通地铁站 望花路西里 主卧出租 望京大厦,花家地,3200,https://short.58.com/zd_p/7475122c-ae26-4d30-a5e0-34ef4b14fbf0/?target=dc-16-xgk_ephv_57036234522946q-feykn&end=end&lego_ts=nHTksAEVnADzPjT1njnVuHP-PBYYPANOsyc1rAmVPjc1nH0Om1NznH0YsjEQP1c3rHckPjbOPWT3&shangquan=huajiadi&shangquanId=6019&dataSource=1
整租 | 叠翠庭苑空房开间出租，可以配齐，随时能看房入住，有钥,苹果园,4388,https://short.58.com/zd_p/1e682018-1544-4ed0-be35-4b8e8c69d8eb/?target=dc-16-xgk_hvimob_57967118816010q-feykn&end=end&lego_ts=nHTksAEVnADzPjT1njnVuHP-PBYYPANOsyc1rAmVPjc1nH0Om1NznH0YsjEQPW9QPHN1n1N3P1NL&shangquan=pingguoyuan&shangquanId=1230&dataSource=1
整租 | 万达附近，婚房出租，临北苑地铁，永顺，帅府园，后南仓,通州北苑,4200,https://short.58.com/zd_p/0a82af69-78b2-4414-ad71-f556c4bbf332/?target=dc-16-xgk_hvimob_57906229101000q-feykn&end=end&lego_ts=nHTksAEVnADzPjT1njnVuHP-PBYYPANOsyc1rAmVPjc1nH0Om1NznH0YsjEQPW03rHbvPH0dP10L&shangquan=beiyuan&shangquanId=5142&dataSource=1
整租 | 整租6号线沿线十里堡石佛营炫特区八里庄精装随时看,石佛营,4500,https://short.58.com/zd_p/fadd7a2c-481c-45f9-b115-bd808c8afb1e/?target=dc-16-xgk_hvimob_57073496356885q-feykn&end=end&lego_ts=nHTksAEVnADzPjT1njnVuHP-PBYYPANOsyc1rAmVPjc1nH0Om1NznH0YsjEQP1Dznjm3nWE3n1nY&shangquan=shifoying&shangquanId=6006&dataSource=1
单间 | 实拍房0中介F，月付，长均可，6号线东夏园古月佳园,通州周边,1380,https://short.58.com/zd_p/e64b96b7-1de3-4c86-8c88-81850203856c/?target=dc-16-xgk_ephv_54017802845160q-feykn&end=end&lego_ts=nHTksAEVnADzPjT1njnVuHP-PBYYPANOsyc1rAmVPjc1nH0Om1NznH0YsjEkP1NQn10On1TYPH9L&shangquan=tongzhouzhoubian&shangquanId=5146&dataSource=1
单间 | 宋家庄刘家窑 地铁300米 同仁园小区 次卧出租 随,刘家窑,1390,https://short.58.com/zd_p/a84ade3a-f063-4549-91bd-729472374809/?target=dc-16-xgk_ephv_57080553027962q-feykn&end=end&lego_ts=nHTksAEVnADzPjT1njnVuHP-PBYYPANOsyc1rAmVPjc1nH0Om1NznH0YsjEQP1nLPjEzP1bQPW9O&shangquan=liujiayao&shangquanId=6027&dataSource=1
单间 | 单间  魏公村 鑫德嘉园 四居室 次卧 近地铁铁4号,魏公村,3600,https://short.58.com/zd_p/d7de42ff-e841-4b10-9469-b3c3c7795d05/?target=dc-16-xgk_ephv_57081765708073q-feykn&end=end&lego_ts=nHTksAEVnADzPjT1njnVuHP-PBYYPANOsyc1rAmVPjc1nH0Om1NznH0YsjEQP1ndnH9YnH01P1Dz&shangquan=baiyilu&shangquanId=1239&dataSource=1
单间 | 1800便宜出租大卧室 1号线地铁苹果园大街八大处西,苹果园,1800,https://short.58.com/zd_p/2149cf28-c0ee-40e2-a8af-cb806d7f4a23/?target=dc-16-xgk_ephv_57794583900185q-feykn&end=end&lego_ts=nHTksAEVnADzPjT1njnVuHP-PBYYPANOsyc1rAmVPjc1nH0Om1NznH0YsjEQnHmkPjnzPW0LPHnY&shangquan=pingguoyuan&shangquanId=1230&dataSource=1
单间 | 三环新城7号院 3室1厅1卫 主卧 北,玉泉营,2500,https://short.58.com/zd_p/9b6a7239-79c4-4415-8b0a-d10c6ca30dc3/?target=dc-16-xgk_ephv_57912929664780q-feykn&end=end&lego_ts=nHTksAEVnADzPjT1njnVuHP-PBYYPANOsyc1rAmVPjc1nH0Om1NznH0YsjEQPWNOPWbvrj9knHnL&shangquan=yuquanying&shangquanId=1212&dataSource=1
整租 | 物业直租一付一 6号线常营 管庄 焦庄 798艺术区,东坝,1800,https://short.58.com/zd_p/1f8f2e21-10ad-496b-a990-944d5530b89b/?target=dc-16-xgk_hvimob_82093646651036q-feykn&end=end&lego_ts=nHTksAEVnADzPjT1njnVuHP-PBYYPANOsyc1rAmVPjc1nH0Om1NznH0YsjnOP1mzrjT3rjEdP1c3&shangquan=dongba&shangquanId=6011&dataSource=1
整租 | 业主首次出租鸿博家园二期D区精装修一居,小红门,3750,https://short.58.com/zd_p/de028d25-b63b-48c1-bfef-b86495cadc1f/?target=dc-16-xgk_hvimob_57943371920645q-feykn&end=end&lego_ts=nHTksAEVnADzPjT1njnVuHP-PBYYPANOsyc1rAmVPjc1nH0Om1NznH0YsjEQPWTznWDdPWbLrjTY&shangquan=xiaohongmen&shangquanId=6838&dataSource=1
整租 | 农业职业学院家属楼 2室1厅1卫,香山,5400,https://short.58.com/zd_p/bcaffda1-c804-4137-87b7-20fe620eecfe/?target=dc-16-xgk_hvimob_57136372220468q-feykn&end=end&lego_ts=nHTksAEVnADzPjT1njnVuHP-PBYYPANOsyc1rAmVPjc1nH0Om1NznH0YsjEQPHc3nWDOrHbLnj91&shangquan=xiangshanhd&shangquanId=6715&dataSource=1
整租 | 世嘉光织谷东区~温馨一居室~环境优美~看房方便,雁栖,2400,https://short.58.com/zd_p/2f06ee8d-1264-4ac5-96a9-17a7b31d91bd/?target=dc-16-xgk_hvimob_57196683637623q-feykn&end=end&lego_ts=nHTksAEVnADzPjT1njnVuHP-PBYYPANOsyc1rAmVPjc1nH0Om1NznH0YsjEQPHm3rjnzrjcQrjbz&shangquan=yanqi&shangquanId=6909&dataSource=1
整租 | 金桥国际 北京站月租 豪华一居室酒店公寓 二十套拎包,广渠门,7500,https://short.58.com/zd_p/05133725-62b6-4fa7-b742-4e9354a24561/?target=dc-16-xgk_hvimob_57342977195164q-feykn&end=end&lego_ts=nHTksAEVnADzPjT1njnVuHP-PBYYPANOsyc1rAmVPjc1nH0Om1NznH0YsjEQnWTOPWDQPHmYPH9k&shangquan=guangqumennei&shangquanId=6062&dataSource=1
整租 | 立水桥  地铁附近 全南户型 看好房子 其他都不是,北苑,4500,https://short.58.com/zd_p/7ca54e66-775f-4409-a84a-58063e7b45c0/?target=dc-16-xgk_hvimob_57923146548658q-feykn&end=end&lego_ts=nHTksAEVnADzPjT1njnVuHP-PBYYPANOsyc1rAmVPjc1nH0Om1NznH0YsjEQPWbzPHT3PjT1rjE1&shangquan=bjbeiyuan&shangquanId=5782&dataSource=1
整租 | 清华校内南楼精装两居室南北向 近幼儿园 中关村中学,清华大学,10000,https://short.58.com/zd_p/2d4d6021-f454-40d3-8842-de9d3e73d817/?target=dc-16-xgk_hvimob_57031493710427q-feykn&end=end&lego_ts=nHTksAEVnADzPjT1njnVuHP-PBYYPANOsyc1rAmVPjc1nH0Om1NznH0YsjEQP1cdnjmznHNLnjbQ&shangquan=qinghuadaxue&shangquanId=1237&dataSource=1
整租 | 西三环公主坟 缘溪堂平层大宅 紧邻公园和地铁,公主坟,75000,https://bj.58.com/zufang/41694964891394x.shtml?houseId=1414913821402114&shangquan=gongzhufen&shangquanId=1245&dataSource=0
整租 | 三丰里 精装三居 紧邻日坛悠唐 朝阳门 全新家电,朝外大街,10500,https://bj.58.com/zufang/41739407847326x.shtml?houseId=1420602519658507&shangquan=chaowaidajie&shangquanId=6017&dataSource=0
整租 | 整租角门角门东里3居室,角门,6300,https://bj.58.com/zufang/41739213473443x.shtml?houseId=1420577640471564&shangquan=jiaomen&shangquanId=6860&dataSource=0
单间 | 沿海赛洛城南区 3室1厅2卫 次卧 东南,百子湾,2500,https://bj.58.com/hezu/37853026112922x.shtml?houseId=923145658933248&shangquan=baiziwan&shangquanId=7558&dataSource=0
整租 | 南北通透 板楼三居 空房出租 可居家办公 看房方便,四惠,14000,https://bj.58.com/zufang/41707786936216x.shtml?houseId=1416555043691534&shangquan=bjsihui&shangquanId=5786&dataSource=0
整租 | 华彩国际 南北通透两居室 两室两卫明厨明 商业配套好,望京,13000,https://bj.58.com/zufang/41739271927588x.shtml?houseId=1420585121995788&shangquan=wangjing&shangquanId=1203&dataSource=0
整租 | 强佑清河新城，落地窗小区，装修好，业主直租大两居室,清河,6800,https://bj.58.com/zufang/41739229569414x.shtml?houseId=1420579700825088&shangquan=qinghe&shangquanId=5791&dataSource=0
整租 | 密云区西田各庄镇京沃青年公寓 1室1厅1卫,密云,700,https://bj.58.com/zufang/37609855943449x.shtml?houseId=892019877207042&shangquan=miyun&shangquanId=6811&dataSource=0
整租 | 润枫德尚 出租办公 出行方便 看房方便,亚运村,18000,https://bj.58.com/zufang/41739229237926x.shtml?houseId=1420579657998347&shangquan=yayuncun&shangquanId=1193&dataSource=0
整租 | 押一付一 立水桥 三居室 视野开阔 光线充足,立水桥,6700,https://bj.58.com/zufang/41739494720653x.shtml?houseId=1420613640036363&shangquan=lishuiqiao&shangquanId=5834&dataSource=0
整租 | 三元桥  国展 光熙门 柳芳 三元桥 芍药居 业主直,西坝河,6500,https://bj.58.com/zufang/41739111428517x.shtml?houseId=1420564578640899&shangquan=xibahe&shangquanId=7561&dataSource=0
整租 | 大江洼路19号院 1室1厅1卫,机场,1200,https://bj.58.com/zufang/38925202195330x.shtml?houseId=1060384197598208&shangquan=jichangbj&shangquanId=7572&dataSource=0
整租 | 八通线，土桥，临河里华业东方玫瑰A区2居室，周围配套,梨园,5100,https://bj.58.com/zufang/41739190093088x.shtml?houseId=1420574647657484&shangquan=liyuan&shangquanId=5144&dataSource=0
整租 | 整租常营  草房  精装复式两居  密码锁拎包入住,常营,5600,https://bj.58.com/zufang/41739475527064x.shtml?houseId=1420611182878726&shangquan=changying&shangquanId=6009&dataSource=0
整租 | 永泰庄 永泰西里 新上正规俩居室 生活交通都很方便,清河,6000,https://bj.58.com/zufang/41739441992868x.shtml?houseId=1420606890370054&shangquan=qinghe&shangquanId=5791&dataSource=0
单间 | 裕龙花园一区 3室2厅2卫 主卧 南,顺义城区,1600,https://bj.58.com/hezu/37236109343130x.shtml?houseId=844180312229889&shangquan=shunyichengqu&shangquanId=11353&dataSource=0
整租 | 宣颐家园 2室 南北通透 117平 可空房出租,旧宫 ,5500,https://bj.58.com/zufang/41718065970709x.shtml?houseId=1417870759272461&shangquan=jiugong&shangquanId=6871&dataSource=0
整租 | 广安门荣丰2008 1居室 随时看房 精装修拎包入住,广安门外,5300,https://bj.58.com/zufang/41736785523202x.shtml?houseId=1420266862796814&shangquan=guanganmenwai&shangquanId=6858&dataSource=0
整租 | 金泉98平米东向两居 家具家电齐全 装修保持好 双地,亚运村,11000,https://bj.58.com/zufang/41739565897250x.shtml?houseId=1420622750507014&shangquan=yayuncun&shangquanId=1193&dataSource=0
整租 | 中湾国际 1室 1厅1卫,中关村,8000,https://bj.58.com/zufang/41730678379016x.shtml?houseId=1419485148437513&shangquan=zhongguancun&shangquanId=1196&dataSource=0
整租 | 紫金长安 4室 南北通透 179.66平 27000,五棵松,27000,https://bj.58.com/zufang/41739563780737x.shtml?houseId=1420622479515648&shangquan=wukesong&shangquanId=5979&dataSource=0
整租 | 国贸CBD 双井 富力城D区北排 南北通透三居 随时,双井,18500,https://bj.58.com/zufang/41728830184984x.shtml?houseId=1419248579355648&shangquan=shuangjing&shangquanId=5779&dataSource=0
整租 | 东王庄小区 2室1厅 看房方便  拎包入住,五道口,6300,https://bj.58.com/zufang/41736974867088x.shtml?houseId=1420291098829827&shangquan=wudaokou&shangquanId=5788&dataSource=0
整租 | 银河领域 1室1厅1卫,廊坊,1400,https://bj.58.com/zufang/41700766421784x.shtml?houseId=1415656418729998&shangquan=langfangbj&shangquanId=25562&dataSource=0
整租 | 奥森北门 朝阳媒体村天居园 装修好两居 地铁五号线,媒体村,11000,https://bj.58.com/zufang/41728727369768x.shtml?houseId=1419235418546185&shangquan=meiticun&shangquanId=12211&dataSource=0
整租 | 融科三期三居出租（家电齐全初次出租）价可谈拎包住，随,望京,17500,https://bj.58.com/zufang/41707591202468x.shtml?houseId=1416529989622795&shangquan=wangjing&shangquanId=1203&dataSource=0
整租 | 朝庭公寓3居，南北双通透，家电齐全，带包入住,望京,15000,https://bj.58.com/zufang/41728770120329x.shtml?houseId=1419240890933263&shangquan=wangjing&shangquanId=1203&dataSource=0
整租 | 太平路甲20号院 1室 1厅1卫,紫竹桥,4500,https://bj.58.com/zufang/41724205031080x.shtml?houseId=1418656560160770&shangquan=zizhuqiao&shangquanId=1243&dataSource=0
整租 | 头次出租，开间改2居，保养好，高楼层，视野好,虎坊桥,6950,https://bj.58.com/zufang/41739506102022x.shtml?houseId=1420615096835079&shangquan=hufangqiao&shangquanId=5150&dataSource=0
整租 | 星河湾朗园 三期地暖 南北3居 景观层 品牌家私 房,朝青板块,45000,https://bj.58.com/zufang/41707361155980x.shtml?houseId=1416500544151566&shangquan=chaoqingbankuai&shangquanId=6833&dataSource=0
整租 | 东大桥路2居室 东向精装 紧邻芳草地 尚都 日坛公园,东大桥,7300,https://bj.58.com/zufang/41739500503842x.shtml?houseId=1420614380068867&shangquan=dongdaqiao&shangquanId=6830&dataSource=0
单间 | 天通苑西三区 4室1厅2卫 次卧 南,天通苑,1600,https://bj.58.com/hezu/41670673495719x.shtml?houseId=1411804523355138&shangquan=tiantongyuan&shangquanId=2641&dataSource=0
整租 | 中国房子 朝南 2室 不临街,田村,8500,https://bj.58.com/zufang/41737004770823x.shtml?houseId=1420294926213125&shangquan=tiancunlu&shangquanId=5969&dataSource=0
整租 | 加州水郡全齐一居室，随时能看,长阳,2800,https://bj.58.com/zufang/41739134758947x.shtml?houseId=1420567564983303&shangquan=changyangbj&shangquanId=6906&dataSource=0
单间 | 富河园 4室2厅2卫 主卧 南,北关,2500,https://bj.58.com/hezu/37744795090207x.shtml?houseId=909292087876609&shangquan=bgbeiguan&shangquanId=5811&dataSource=0
,,,
单间 | 北理工 人大东门 华宇商场 数码大厦 友谊社区 海淀,人民大学,2450,https://bj.58.com/hezu/41736812887572x.shtml?houseId=1420270365531148&shangquan=renmindaxue&shangquanId=6714&dataSource=2&legourl=//legoclick.58.com/jump?target=szqBpB3draOWUvYfpARlIitYnH01PW9QnW93P1NLnM980v6YUykKuaYYnHcYPj-huaYkm1cksHw-mWTVrAmvPzYYnhDOmHcYP1RbuycKPHTQnHN3njbLnHT3PWNKTHDYnWTzP1T1PWNdn1DQPj9KnH03njTKnH03njTKnikQnTDQnjTKnHN3PWTOnj9kP1EvnkDQTNujsNYVOlXxOCB4OsBeOmBgl2AClpAdOGyYOuacOlXxOoXLOCliTHDKPkDKsHDKTHDzPjmvrH9kPj9zPHmYrHNvnHmKP9DKnEDknjbQrH0vPad-nANdsHEQPjnVrjcOraYkuWDLujE3uHDLPhmKnHcYPWmOrjTYrjnvrH0YnH9zPTDQnWEvPWb3njE3n1DQnjcQPHm3TEDKTEDKsEDKTy6YIZK1rBtfmhC8PH98mvqVsvPCIgGdsLK8PztKTHcznB3znHN8rHD8rj0KnTDkTEDQsjDzTgVqTHDknjn1THDknjDdnjmKPWRbmv7-mWDVnvELniYYuWPhsyDOnWNVm1I6uWmOmyRBnAD1TEDkTEDKnTDQnjT_nHTzrakvP1DYTHcKm1EYrHnduHEOuhF-mWwWmk
单间 | 实景图一手店星宇大厦杨庄小区精装次卧三家合租,杨庄 ,1800,https://bj.58.com/hezu/41734415639576x.shtml?houseId=1419963517444100&shangquan=yangzhuang&shangquanId=6863&dataSource=2&legourl=//legoclick.58.com/jump?target=szqBpB3draOWUvYfpARlIitYnH01PjEQPHm1rHNLPM980v6YUykKuaYYnHcYPj-huaYkm1cksHw-mWTVrAmvPzYYnhDOmHcYP1RbuycKPHN3nWTLPjDvPjEdPWEKTHDYnHbOPWndnH0YPjEQnjTKnHTYnjTKnHTYnjTKnikQnTDQnjTKnHN3PWTOnj9kP1EvnkDzTNujsNYVOlXxOCB4OsBeOmBgl2AClpAdOGyYOuacOlXxOoXLOCliTHDKPkDKsHDKTHDzPjmLnj0Ln1EzP1NOPWbknWEKP9DKnE7Wm1RBuWR-PBYLujwhsHEdmWNVmH01uBYzPvEYn176uARbPvnKnHcYPW0kP101PjnOP1mkn19YnTDQnWEvP1TLP1nYn1n3rj91PH9YTEDKTEDKsEDKTy6YIZK1rBtfmhC8PH98mvqVsvPCIgGdsLK8PztKTHcznB3znHN8rHD8rj0KnTDkTEDQsjDzTgVqTHDknjn1THDknjDdnjmKujbdm1u-PhnVP1NzmBYYuH6WsH9QPjmVPW66ujDkPAuBnHczTEDkTEDKnTDQnjT_nHTzPzkvrjm1THcKPH9LPyDLn1-6m1FBm1nOPE
单间 | 大兴 西红门 高米店北 郁花园三里 无中介费 主卧,郁花园,1550,https://bj.58.com/hezu/40141470612363x.shtml?houseId=1216066553929728&shangquan=qingheyuan&shangquanId=7480&dataSource=2&legourl=//legoclick.58.com/jump?target=szqBpB3draOWUvYfpARlIitYnjDYnHELnjmQnWnvnL980v6YUykKuaYYnHcYPj-huaYkm1cksHw-mWTVrAmvPzYYnhDOmHcYP1RbuycKPWEznW0vPHE3nWNLn1nKTHDznHmkPWmdPHnOnWbLnW9KnHT1njTKnHT1njTKnikQnTDQnjTKnHN3PWTOnj9kP1EvnkD1TNujsNYVOlXxOCB4OsBeOmBgl2AClpAdOGyYOuacOlXxOoXLOCliTHDKPkDKsHDKTHDzPjmdrHEYPH0YnWTQP10Ynj9KP9DKnE7WPADLmHm3PiYOm1TdsHE1mvEVmW9OPBYYP1DznjK-PvE1nHNKnHcYPWNOPjEdP1NYnH9QnWczPTDQnWEvPHbYPjNLPj03rjbLPWmYTEDKTEDKsEDKTy6YIZK1rBtfmhC8PH98mvqVsvPCIgGdsLK8PztKTHcznB3znHN8rHD8rj0KnTDkTEDQsjDzTgVqTHDknjn1THDknjDdnjmKmhPbmyDvnHbVmvmYriYYmyPhsyFWn1cVm1Rhuj01rjmvPjEOTEDkTEDKnTDQnjT_nHT1PakLPj0dTHcKnhNOuWRBPvuhP1TLm1TkuE
单间 | 安慧北里安园 全新家电 超值好房 卧室南向 带独立阳,亚运村,2750,https://bj.58.com/hezu/41694621276321x.shtml?houseId=1414869838749710&shangquan=yayuncun&shangquanId=1193&dataSource=2&legourl=//legoclick.58.com/jump?target=szqBpB3draOWUvYfpARlIitYnHmOPjmznHcLPWnzng980v6YUykKuaYYnHcYPj-huaYkm1cksHw-mWTVrAmvPzYYnhDOmHcYP1RbuycKPWNOPjbQnjDLnHT3PWnKTHDYnHE3PWb3n19LPjbLnHTKnWDknjTKnWDknjTKnikQnTDQnjTKnHN3PWTOnj9kP1EvnkDYTNujsNYVOlXxOCB4OsBeOmBgl2AClpAdOGyYOuacOlXxOoXLOCliTHDKPkDKsHDKTHDzPjN1njmLnHcOnHNLnWm1n10KP9DKnE7hPyDQnWEzuadWuWDYsHw6uAEVmWTkPBYvPH0kmhRWuj6WrHDKnHcYPHnkPW0Qn1c1njc3PW9YrTDQnWEdn1TvP1D1nHm1nH0LrH9YTEDKTEDKsEDKTy6YIZK1rBtfmhC8PH98mvqVsvPCIgGdsLK8PztKTHcznB3znHN8rHD8rj0KnTDkTEDQsjDzTgVqTHDknjn1THDknjDdnjmKmWDYPjn3PhcVnHNzPzYYujwBsH-Wm1cVnhPhuHbOuADYP1FbTEDkTEDKnTDQnjT_nHTzPikQnHb1THcKn1mLP10YmyNQPjnkm1nLu9
单间 | 退换租1次 清河 智能门锁 近地铁 性价比高 精装修,清河,2550,https://bj.58.com/hezu/41694824478350x.shtml?houseId=1414895849200649&shangquan=qinghe&shangquanId=5791&dataSource=2&legourl=//legoclick.58.com/jump?target=szqBpB3draOWUvYfpARlIitYnHmOPj9zPjELrjndnZ980v6YUykKuaYYnHcYPj-huaYkm1cksHw-mWTVrAmvPzYYnhDOmHcYP1RbuycKPWbknWEvPH9vrHD1n1cKTHDYnHE3rHN3PjbznjTvPjbKnHb3njTKnHb3njTKnikQnTDQnjTKnHN3PWTOnj9kP1EvnkDdTNujsNYVOlXxOCB4OsBeOmBgl2AClpAdOGyYOuacOlXxOoXLOCliTHDKPkDKsHDKTHDzPjNvPWTvPHE1nWDzrHDzPWEKP9DKnE7WnARhuymdridBuHK6sHEdmhEVmHb3mzY3nAmzryELrjbYm1nKnHcYPHmvnjmdPjEdnHnQPjm3rTDQnWEdPWmkPWNYn19knjDQPHckTEDKTEDKsEDKTy6YIZK1rBtfmhC8PH98mvqVsvPCIgGdsLK8PztKTHcznB3znHN8rHD8rj0KnTDkTEDQsjDzTgVqTHDknjn1THDknjDdnjmKP1nYrAm1rj9VPhP6PiYYnADksyD3n1TVmhnQrAuWmWEzuWIbTEDkTEDKnTDQnjT_nHTzrakdP1bQTHcKmhuWmymYujKBnWbOuHbLnE
整租 | 国风美唐 精装三居室 家具家电齐全 可看房 近回龙观,回龙观,7800,https://bj.58.com/zufang/41739226813443x.shtml?houseId=1420579347718158&shangquan=huilongguan&shangquanId=2640&dataSource=0
整租 | 华业东方玫瑰 家具家电已配齐，价格可议，装修保养好，,梨园,6200,https://bj.58.com/zufang/41729539300112x.shtml?houseId=1419339346191372&shangquan=liyuan&shangquanId=5144&dataSource=0
整租 | 初次出租 带家具家电 南向 婚房装修  包物业取暖,上地,7500,https://bj.58.com/zufang/41717449392907x.shtml?houseId=1417791838003203&shangquan=shangdi&shangquanId=1238&dataSource=0
整租 | 仁合温泉家园 3室 1厅1卫,平谷城区,1400,https://bj.58.com/zufang/41727936397982x.shtml?houseId=1419134174635018&shangquan=pingguchengqu&shangquanId=6917&dataSource=0
整租 | 康家园！甘露园十里堡！精装全配温馨小蜗居，全明户型，,甘露园,4600,https://bj.58.com/zufang/41739495458437x.shtml?houseId=1420613733982208&shangquan=ganluyuan&shangquanId=12179&dataSource=0
整租 | 蒲安东里新出房源 房子采光好面积大 看房提前联系,蒲黄榆,4800,https://bj.58.com/zufang/41739345306270x.shtml?houseId=1420594514419719&shangquan=puhuangyu&shangquanId=6036&dataSource=0
整租 | 八通线双惠苑两居近地铁南北通透,双桥,5800,https://bj.58.com/zufang/41729413117448x.shtml?houseId=1419323194565632&shangquan=bjshuangqiao&shangquanId=11367&dataSource=0
整租 | 保利大都汇 1室0厅1卫,北关,2400,https://bj.58.com/zufang/41604178348322x.shtml?houseId=1403293144507405&shangquan=bgbeiguan&shangquanId=5811&dataSource=0
整租 | 太阳宫丰和园 南北三居室 正观花园 近太阳宫站 近太,太阳宫,18000,https://bj.58.com/zufang/41728763648022x.shtml?houseId=1419240062542862&shangquan=taiyanggong&shangquanId=6014&dataSource=0
整租 | 大悦城高碑店地铁6号线兴隆家园精装三居拎包入住年轻人,高碑店,10000,https://bj.58.com/zufang/41706488349460x.shtml?houseId=1416388824390664&shangquan=gaobeidianbj&shangquanId=6940&dataSource=0
整租 | 整租蒲黄榆刘家窑南里2居室,刘家窑,5800,https://bj.58.com/zufang/41739260765585x.shtml?houseId=1420583693722639&shangquan=liujiayao&shangquanId=6027&dataSource=0
整租 | 董各庄村自建房 6室2厅1卫,后沙峪,6500,https://bj.58.com/zufang/41725490441246x.shtml?houseId=1418821092121608&shangquan=houshayu&shangquanId=6882&dataSource=0
"整租 | 新上!金隅丽港,东南2居,婚房装修,整洁干净,家电家",望京,9000,https://bj.58.com/zufang/41718141661446x.shtml?houseId=1417880448621579&shangquan=wangjing&shangquanId=1203&dataSource=0
整租 | 新上 今 日家园 精装大一居室 看房随时 业主直租,五棵松,6800,https://bj.58.com/zufang/41739436860690x.shtml?houseId=1420606234027018&shangquan=wukesong&shangquanId=5979&dataSource=0
整租 | 丽都壹号精装三居室 看房随时 小区中心位置,酒仙桥,13000,https://bj.58.com/zufang/41739382339726x.shtml?houseId=1420599255522319&shangquan=jiuxianqiao&shangquanId=1206&dataSource=0
整租 | 永泰东里 1室1厅1卫,清河,4700,https://bj.58.com/zufang/41670737759520x.shtml?houseId=1411812750550022&shangquan=qinghe&shangquanId=5791&dataSource=0
整租 | 1室1厅 垡头翠成馨园(E区),垡头,4000,https://bj.58.com/zufang/41728905784713x.shtml?houseId=1419258255892483&shangquan=fatou&shangquanId=5998&dataSource=0
整租 | 奥森北门 万达大湖公馆 南北居家两居室 出租 装修好,奥林匹克公园,18000,https://bj.58.com/zufang/41706453205141x.shtml?houseId=1416384326065154&shangquan=aolinpikegognyuan&shangquanId=5994&dataSource=0
整租 | 大平层 家具齐全 豪装5居,公主坟,120000,https://bj.58.com/zufang/41694967114388x.shtml?houseId=1414914106629134&shangquan=gongzhufen&shangquanId=1245&dataSource=0
整租 |  1室0厅1卫,南口,1200,https://bj.58.com/zufang/38995099732236x.shtml?houseId=1069331082402817&shangquan=nankou&shangquanId=5152&dataSource=0
单间 | [0中介精装]创新园 昌平地铁站 石油大学 政法大学,昌平县城,1400,https://bj.58.com/hezu/41737156844806x.shtml?houseId=1420314391780367&shangquan=changpingxiancheng&shangquanId=7425&dataSource=0
整租 | 四合欣园 天兴家园幸福家园育仁里精装两居室紧邻诺德中,花乡,5500,https://bj.58.com/zufang/41739622018080x.shtml?houseId=1420629934088204&shangquan=huaxiang&shangquanId=6038&dataSource=0
整租 | 华贸公寓 高层全新装修 家具家电齐全 随时起租看房方,大望路,18000,https://bj.58.com/zufang/41705884374534x.shtml?houseId=1416311516127245&shangquan=dawanglu&shangquanId=5785&dataSource=0
整租 | 北花园小区(3号院) 1室1厅1卫,高碑店,4200,https://bj.58.com/zufang/41704629586953x.shtml?houseId=1416150903118855&shangquan=gaobeidianbj&shangquanId=6940&dataSource=0
整租 | 白纸坊 大观园 西城实验 精装三居室 拎包入住 长租,白纸坊,9500,https://bj.58.com/zufang/41737022892821x.shtml?houseId=1420297245957127&shangquan=baizhifang&shangquanId=5835&dataSource=0
整租 | 175平大三居空房出租，30平米花园，可居家办公，带,田村,22000,https://bj.58.com/zufang/41739620312482x.shtml?houseId=1420629715672064&shangquan=tiancunlu&shangquanId=5969&dataSource=0
整租 | 三里屯SOHO工体太古里京客隆业主直租,三里屯,7490,https://bj.58.com/zufang/41737295879818x.shtml?houseId=1420332187900941&shangquan=sanlitun&shangquanId=1198&dataSource=0
单间 | 天赐良园(西区) 4室2厅2卫 主卧 南,北关,2400,https://bj.58.com/hezu/41622924619432x.shtml?houseId=1405692666993669&shangquan=bgbeiguan&shangquanId=5811&dataSource=0
整租 | 回龙观地铁正规一居室 集中供暖 随时入住 家电齐全,回龙观,4800,https://bj.58.com/zufang/41706430771593x.shtml?houseId=1416381454425092&shangquan=huilongguan&shangquanId=2640&dataSource=0
整租 | 安宁庄 当代城市家园 南向一居 可看房 小米 价格有,上地,5800,https://bj.58.com/zufang/41718822011303x.shtml?houseId=1417967533809673&shangquan=shangdi&shangquanId=1238&dataSource=0
整租 | 北运河西 BOBO自由城 正规一居室 带电梯,武夷花园,4100,https://bj.58.com/zufang/41717239875999x.shtml?houseId=1417765020377097&shangquan=wuyihuayuan&shangquanId=6900&dataSource=0
单间 | 丽泽景园 3室1厅1卫 主卧 南,丰益桥,3000,https://bj.58.com/hezu/41734226052262x.shtml?houseId=1419939250643979&shangquan=fengyiqiao&shangquanId=15171&dataSource=0
整租 | 玉泉路玉海园 金沟河都楼层精装两居室 带固定车位,永定路,5800,https://bj.58.com/zufang/41739617853717x.shtml?houseId=1420629400935438&shangquan=yongdinglu&shangquanId=5970&dataSource=0
整租 | 前花园后车库 实用面积大 随时看房 近地铁 周边配套,回龙观,20000,https://bj.58.com/zufang/41695551499676x.shtml?houseId=1414988906815491&shangquan=huilongguan&shangquanId=2640&dataSource=0
整租 | 首开璞瑅墅 6室4厅3卫,大兴周边,18000,https://bj.58.com/zufang/41711730480013x.shtml?houseId=1417059817268227&shangquan=daxingzhoubian&shangquanId=6881&dataSource=0
,,,
