单间 | 随时可看 南翔 红翔新村 近地铁 家电全新 安静不吵,南翔,1320,https://sh.58.com/hezu/41719602250755x.shtml?houseId=1418067403709441&shangquan=nanxiang&shangquanId=6995&dataSource=2&legourl=//legoclick.58.com/jump?target=szq1pa3draOWUvYfpARlIitYnH0QrHmknWcdnj0dPg980v6YUykKuad-mWKbPWczmBYzuyFbsHEOn10VrH9LPiYQuWTvnjRbrAm1ujnKPHTYrHnLPWTknH9OPHbKTHDYnH9kPW0YnjnLnjbYPjDKPjT3njTKPjT3njTKnikQnTDQnjDKnHN3PWTOnHEQPHELn9DQTNujsNYVOlXxOCB4OsBeOmBgl2AClpAdOGyYOuacOlXxOoXLOCliTHDKnEDKsHDKTHDzPjmvPjNLPWbOPj9QnHT3PjbKP9DKnE7-PAu-PAu6raY3nHn1sHwhuHNVrH-BPaY1nvu6ujDdPW-6rH0KnHcYPWmYPH0LnjnQP1ckrHmknTDQnWEvPWEdP10knWNYn1TLn1c3TEDKTEDKsEDKTy6YIZK1rBtf0v98PH98mvqVsvPCIgGdsk7CPbd5PhkvwvV3iRKvwAQ2HBKWRgFM5HYKnWczsWcQPi3Oni33PkDkTHTKTHD_nHcKXLYKnHTkn1nKnHTknHNkP9DvPvwBrjuBPzYvnhmdsHEQrj0VrjmQPaYzmvuWPycYrHmYrAcKTHTKTEDkTHDknikQnjTvsjmOrHNKn976nhwBPywWnv7BnWNzP1E1
单间 | 仅一间 七宝 白雪公主(东区) 家电齐全 可月付 好,七宝,1590,https://sh.58.com/hezu/41731044584838x.shtml?houseId=1419532022637580&shangquan=qibao&shangquanId=6980&dataSource=2&legourl=//legoclick.58.com/jump?target=szq1pa3draOWUvYfpARlIitYnH01nHTYPjN3Pj91rZ980v6YUykKuad-mWKbPWczmBYzuyFbsHEOn10VrH9LPiYQuWTvnjRbrAm1ujnKPH01rHDvn10vrH9dP1nKTHDYnHbdn1cknWcvn10drjTKn1DdnjTKn1DdnjTKnikQnTDQnjDKnHN3PWTOnHEQPHELn9DzTNujsNYVOlXxOCB4OsBeOmBgl2AClpAdOGyYOuacOlXxOoXLOCliTHDKnEDKsHDKTHDzPjmdnjTzn1ELrjEQPWN3rj9KP9DKnEDOnWDOuWuBnBY3rHcOsHEdnvmVrjNvPad-PvckP1b1m10kn1bKnHcYPWNknjc1Pj93rHTQnHcknTDQnWEvPHTknWnYrjEzrj9vnHEYTEDKTEDKsEDKTy6YIZK1rBtf0v98PH98mvqVsvPCIgGdsk7CPbd5PhkvwvV3iRKvwAQ2HBKWRgFM5HYKnWczsWcQPi3Oni33PkDkTHTKTHD_nHcKXLYKnHTkn1nKnHTknHNkP9D1myEQuA7-uBYdrH7WsHw6nhcVmW0krid6uWT3uWEvuhckm1cKTHTKTEDkTHDknikQnjTOsjmOrjTKn97BPW6hP1czuHK-rH6BnH7h
单间 | 延长路地铁旁  精装全配  朝南大卧室  带独立阳台,延长路,2000,https://sh.58.com/hezu/41640661068449x.shtml?houseId=1407962931240963&shangquan=yanchanglu&shangquanId=6305&dataSource=2&legourl=//legoclick.58.com/jump?target=szq1pa3draOWUvYfpARlIitYnHmYnjmvnHTvrjEYrg980v6YUykKuad-mWKbPWczmBYzuyFbsHEOn10VrH9LPiYQuWTvnjRbrAm1ujnKPH0znWb1n1D3PjE3rj0KTHDYnj0OPWcOn1DzPjTOPWnKnHNQnjTKnHNQnjTKnikQnTDQnjDKnHN3PWTOnHEQPHELn9D1TNujsNYVOlXxOCB4OsBeOmBgl2AClpAdOGyYOuacOlXxOoXLOCliTHDKnEDKsHDKTHDzPjmzPHNdnWNdPWcQPWnznjTKP9DKnEDkn1KWmynLraYYujnOsHE3uHDVrAF6uiYQPjcYujRhuAmYuHcKnHcYPWcdPHNzPH0LnH9LrjEknTDQnWEvnWNdPHcdP1T3rHm1rjEkTEDKTEDKsEDKTy6YIZK1rBtf0v98PH98mvqVsvPCIgGdsk7CPbd5PhkvwvV3iRKvwAQ2HBKWRgFM5HYKnWczsWcQPi3Oni33PkDkTHTKTHD_nHcKXLYKnHTkn1nKnHTknHNkP9DLuyNzrAmOnid6rHD1sHEQnhEVmWP6PidWmvmkujubujRBPyDKTHTKTEDkTHDknikQnjT3sjm1njNKn97-Pj-6njD1PH01nA7-myE1
单间 | 首月免租 古美罗阳  双周保洁 性价比高 电梯楼,古美罗阳,1660,https://sh.58.com/hezu/41697305574406x.shtml?houseId=1415213429235716&shangquan=gumeiluoyang&shangquanId=7918&dataSource=2&legourl=//legoclick.58.com/jump?target=szq1pa3draOWUvYfpARlIitYnHmOP1nkPHNLPjEkPM980v6YUykKuad-mWKbPWczmBYzuyFbsHEOn10VrH9LPiYQuWTvnjRbrAm1ujnKPHEknWEQPjnYrjNOPW0KTHDYnHNznHnYnWbzn1NLnHmKPHndnjTKPHndnjTKnikQnTDQnjDKnHN3PWTOnHEQPHELn9DYTNujsNYVOlXxOCB4OsBeOmBgl2AClpAdOGyYOuacOlXxOoXLOCliTHDKnEDKsHDKTHDzPjNvn1bYPWm1P1NQrHcdP1mKP9DKnED1PyELuWPBmzY3mHNQsHw-uWTVrHwbPiYQnycvuHmOP19dnycKnHcYPHm1rHEvPWmYP191PjmzPTDQnWEdPWnOPjmvPH0vPHnQPjNvTEDKTEDKsEDKTy6YIZK1rBtf0v98PH98mvqVsvPCIgGdsk7CPbd5PhkvwvV3iRKvwAQ2HBKWRgFM5HYKnWczsWcQPi3Oni33PkDkTHTKTHD_nHcKXLYKnHTkn1nKnHTknHNkP9DzujcOnARWuBd6uWKbsHwhnWTVmhRBriYYm1wBPWcLnj9zm1NKTHTKTEDkTHDknikQnjTOsjm1n10Kn9DLrAn3nvmLuywhrymLPvEd
单间 | 紧邻地铁 老闵行 源枫景苑 精装修 公共区域大 阳光,老闵行,1150,https://sh.58.com/hezu/41702814566409x.shtml?houseId=1415918579556352&shangquan=laominhang&shangquanId=6329&dataSource=2&legourl=//legoclick.58.com/jump?target=szq1pa3draOWUvYfpARlIitYnH0knW9QPjNvPWEkrg980v6YUykKuad-mWKbPWczmBYzuyFbsHEOn10VrH9LPiYQuWTvnjRbrAm1ujnKPjb3nWE3PWTvrjNdrjNKTHDYnHNOnH9dP1bdPHm1PHcKnWcdnjTKnWcdnjTKnikQnTDQnjDKnHN3PWTOnHEQPHELnkDdTNujsNYVOlXxOCB4OsBeOmBgl2AClpAdOGyYOuacOlXxOoXLOCliTHDKnEDKsHDKTHDzPjNdP1NznWn3nHTYP19krjTKP9DKnE7buHTvrH7hnBYkrj6hsHEOnANVmycQPaYYPH6BujE3rjnOnjmKnHcYPHNLPHczn19vrHD3PWTYrTDQnWEdPH0dnWc1rjmOnHb3n1nvTEDKTEDKsEDKTy6YIZK1rBtf0v98PH98mvqVsvPCIgGdsk7CPbd5PhkvwvV3iRKvwAQ2HBKWRgFM5HYKnWczsWcQPi3Oni33PkDkTHTKTHD_nHcKXLYKnHTkn1nKnHTknHNkP9DvmHD1uWcvPzY3PAEQsHwWPvNVmHTLuBYQnWbQrHN1uADQmyEKTHTKTEDkTHDknikQnjTOsjm1nWbKn9D3uAw6rAcOnWb3PWmvPW6h
单间 | 女生优先 四川北路 四川北路2043弄小区 北欧风,四川北路,1930,https://sh.58.com/hezu/41730874403482x.shtml?houseId=1419510239452162&shangquan=sichuanbeilu&shangquanId=1484&dataSource=2&legourl=//legoclick.58.com/jump?target=szq1pa3draOWUvYfpARlIitYnH01nj9LPjEkn1E3nM980v6YUykKuad-mWKbPWczmBYzuyFbsHEOn10VrH9LPiYQuWTvnjRbrAm1ujnKPW0QnWEvn1DdPWm1PH9KTHDYnHbdnHTzn1bYPHcQPWcKnWnYnjTKnWnYnjTKnikQnTDQnjDKnHN3PWTOnHEQPHELnkDvTNujsNYVOlXxOCB4OsBeOmBgl2AClpAdOGyYOuacOlXxOoXLOCliTHDKnEDKsHDKTHDzPjmYrHEvPWT3P1cOnHmOrHcKP9DKnED1P1ELuWEdnaY3ryEzsHEQnHnVrjNQriYdmhN1rAuhuAN3nAcKnHcYPWEOPjmvnjbvPHDLrHnOn9DQnWEvPjbYPWmkrHDkPWN1PjEkTEDKTEDKsEDKTy6YIZK1rBtf0v98PH98mvqVsvPCIgGdsk7CPbd5PhkvwvV3iRKvwAQ2HBKWRgFM5HYKnWczsWcQPi3Oni33PkDkTHTKTHD_nHcKXLYKnHTkn1nKnHTknHNkP9DLPyw6n1PhnBdbPH7bsHE3nj9VmywbPaYvrHDzujNOujRbPWNKTHTKTEDkTHDknikQnjTYsjDYrjEKn97bmhmkmhDvuW9QmH9dujTk
整租 | 近地铁12号线，近渔人码头，精装修大两房，家具家电全,杨浦周边,7500,https://sh.58.com/zufang/41678881999506x.shtml?houseId=1412855210927104&shangquan=yangpuzhoubian&shangquanId=1885&dataSource=2&legourl=//legoclick.58.com/jump?target=szq1pa3draOWUvYfXMRhmyOMs1EQPW03rj9QrHbOPHTvXaO1pZwVUT7bsyRBnAEvnWFBsHF-mhEVPjb1PzYOrj0dsH7hnjmkPyE3uWPbnkD1PHnLPHmYn1D3n1n3nkDKnHEQnW9dPHcQnjbzP1DkPTDQPHTknTDQPHTknTDQsjDkTHDknEDQPH9vnjbQPjDdPj01TH0KwbnVHiLMGO4hBs4b8sf-BFxCCpWGCUgh-UH-bcWMGO4hVexhWGcKnEDQTEDVnEDKnHcYPjbzPHNOPWDOPHDknW0znTDvTEDQTyP-mHcQrywhsyF6PHNVPj9vmBd6uhnOsHPhmhuWnvcOPhndnTDQnWEYrHcdPHbvPj9kn1cLPW9kTHDzPjEOnWNdrHmYPHNQPjbdPW9KTEDKTEDVTEDKpZwY0Znlszq1pa3draOWUvYfmv6dXMNfTy9vHNtvUjuZpL6FNZuDUDGrcAPR0h0q5EDznWc8nWDdsWbQsW9LTHTKnTDKnikQnE7exEDQnjT1nkDQnjTQPHTvTyRBrjKWP1N3syR-m1bVPjcQmBY3nh7hsH-bujP6ry76uhPWmEDKnTDKTHTKnHTQsjDknHN_nH93PEDzTHDLuhcvmhcdmyDOPWNYm1n
整租 | 低的价格 租到您满意的房子 房源很多一定可以为你匹配,古北,8000,https://sh.58.com/zufang/41646714987928x.shtml?houseId=1408737834852365&shangquan=gubei&shangquanId=2530&dataSource=2&legourl=//legoclick.58.com/jump?target=szq1pa3draOWUvYfXMRhmyOMs1EQPWEvP1DYrH9LrHc3XaO1pZwVUT7bsyRBnAEvnWFBsHF-mhEVPjb1PzYOrj0dsH7hnjmkPyE3uWPbnkDLnjDknWn1njbOPHb3nEDKnHEkrj01P191Pj9dnWnvPEDznjEknTDznjEknTDQsjDkTHDknEDQPH9vnjbQPjDdPj01TH9KwbnVHiLMGO4hBs4b8sf-BFxCCpWGCUgh-UH-bcWMGO4hVexhWGcKnEDQTEDVnEDKnHcYPW01P1mzPHEkP1TYrH0zrTDvTEDQTHmvuW0vmH76sHbdrjbVPjEYmid6mW0zsHm3PAELrym1myu-rTDQnWEvP1nLPWcdPHc3PW0znWNvTHDzPjmLn10vnWNYPWNLPH0vrHmKTEDKTEDVTEDKpZwY0Znlszq1pa3draOWUvYfmv6dXMNfTy9vHNtvUjuZpL6FNZuDUDGrcAPR0h0q5EDznWc8nWDdsWbQsW9LTHTKnTDKnikQnE7exEDQnjT1nkDQnjTQPHTvTyEkmyEduWIbsH01n1EVPjb1rid6PjmOsHEzrADQuH9knyELu9DKnTDKTHTKnHTQsjDknHm_nWN1nTDzTH7hPj91mynYPWndPAwhujD
单间 | 精装修 静安新城 九歌中庭(静安新城六区) 精装修,静安新城,1450,https://sh.58.com/hezu/41701532431008x.shtml?houseId=1415754467172355&shangquan=jinganxincheng&shangquanId=7448&dataSource=2&legourl=//legoclick.58.com/jump?target=szq1pa3draOWUvYfpARlIitYnH0knHN1nWE1nHTkrZ980v6YUykKuad-mWKbPWczmBYzuyFbsHEOn10VrH9LPiYQuWTvnjRbrAm1ujnKPHnznjE3n103PHnLnjbKTHDYnHNLPHEYPW0QP1c1PHNKn1cYnjTKn1cYnjTKnikQnTDQnjDKnHN3PWTOnHEQPHELnkDOTNujsNYVOlXxOCB4OsBeOmBgl2AClpAdOGyYOuacOlXxOoXLOCliTHDKnEDKsHDKTHDzPjNdn1nYP1b1PjDYnHc1PHcKP9DKnE7-njbkmyE3uiYQmW03sHw-nANVmHb1uaYzuh7bmhFWPhNYuyDKnHcYPHN1n1ELrHN1njDYn10YPTDQnWEdPHn1Pj0OPjm1njnYrj9kTEDKTEDKsEDKTy6YIZK1rBtf0v98PH98mvqVsvPCIgGdsk7CPbd5PhkvwvV3iRKvwAQ2HBKWRgFM5HYKnWczsWcQPi3Oni33PkDkTHTKTHD_nHcKXLYKnHTkn1nKnHTknHNkP9DznjPBrHwBPzY1nHKWsHwWPHTVrHK6nzYYPvPWnjPhmHR-uHmKTHTKTEDkTHDknikQnjTOsj0YPjcKn97bmh7-mWTvrjmOrjbvuj--
单间 | 首月减免一个月租金 松江大学城 家电齐全 卧室朝阳,松江大学城,1260,https://sh.58.com/hezu/41705920732168x.shtml?houseId=1416316169920516&shangquan=shdaxuecheng&shangquanId=7461&dataSource=2&legourl=//legoclick.58.com/jump?target=szq1pa3draOWUvYfpARlIitYnH0kPHbznj01nWDvrZ980v6YUykKuad-mWKbPWczmBYzuyFbsHEOn10VrH9LPiYQuWTvnjRbrAm1ujnKPHEQPWnLnjmknHNLPWNKTHDYnHm1nHmQPWbOnWTdnHmKn1cdnjTKn1cdnjTKnikQnTDQnjDKnHN3PWTOnHEQPHELnkDQnT7AEzdPsXXMMSpcfSi38Syc-SB6Jrh6VXpRVryEBrXMMSpLVSprb9DQTHDKTiYQTEDQnWEdPW0vrH0YP1NvPWTQrjNvTHmKTHDKryFhnhnzm10VPWI6raYYP1F6sH9knAmVmvcYPWDkuj66nWKhTHDzPjNvP1mOP1E3P19zn1mvP1cKnHcYPHmLPWbLPj9QPHnznWDQn9DKTEDKTiYKTE7CIZwk01CfsLPCsWN3shPfUiqWpZRlIitKpjuPH1u_PbIoXD-EIbw_ib39mdRzu1YqTHcznB3znHN8rHD8rj0KnTDkTEDQsjDzTgVqTHDknjn1THDknjDdnjmKuHD1rHPbm1bVmhnYPaYYmHu-sycvnhcVrjKbuWI6Pyc1mynLTEDkTEDKnTDQnjD_nHTQnzkLPjNLTHcKuHnYmyNkPvFbnjEzm1n3u9
单间 | 入住首月租金5折优惠 三湘花园 北欧风 安全性高 阳,凉城,2040,https://sh.58.com/hezu/41730932548749x.shtml?houseId=1419517682048009&shangquan=liangcheng&shangquanId=1483&dataSource=2&legourl=//legoclick.58.com/jump?target=szq1pa3draOWUvYfpARlIitYnH01njb1nWNYrj0Yrg980v6YUykKuad-mWKbPWczmBYzuyFbsHEOn10VrH9LPiYQuWTvnjRbrAm1ujnKPWEYnjnYrjDQnHEvn1cKTHDYnHbdnH0vrjckPj9knjbKnWmOnjTKnWmOnjTKnikQnTDQnjDKnHN3PWTOnHEQPHELnkDQnE7AEzdPsXXMMSpcfSi38Syc-SB6Jrh6VXpRVryEBrXMMSpLVSprb9DQTHDKTiYQTEDQnWEvPjbvPH0dP1nznjmYnWNvTHmKTHDKnH0YuHbOrAmVrAndPiYYPjRWsycOPH9Vn1FBrHIbPHNOmvRhTHDzPjmYrHmdP1N3PH0OnjNvPWEKnHcYPWEOPWNLPH0OrHD3PHEkrTDKTEDKTiYKTE7CIZwk01CfsLPCsWN3shPfUiqWpZRlIitKpjuPH1u_PbIoXD-EIbw_ib39mdRzu1YqTHcznB3znHN8rHD8rj0KnTDkTEDQsjDzTgVqTHDknjn1THDknjDdnjmKPHTkPyFBmhcVmHNvraYYnHDYsH6-nWcVm19LnjEdmyDLnW01TEDkTEDKnTDQnjD_nHTkPakQPj91THcKuj93rAPbPAPBm1D1m1P6n9
单间 | 首月5折 九亭 松江半岛花园 近地铁 公共区域大 阳,九亭,1530,https://sh.58.com/hezu/41730558291362x.shtml?houseId=1419469776839685&shangquan=jiuting&shangquanId=7089&dataSource=2&legourl=//legoclick.58.com/jump?target=szq1pa3draOWUvYfpARlIitYnH01njNdrjcOnHnvnM980v6YUykKuad-mWKbPWczmBYzuyFbsHEOn10VrH9LPiYQuWTvnjRbrAm1ujnKPHEkPjmYnWN1nH9vP1mKTHDYnHbYPWbLP1m3n1bvrjNKn1bLnjTKn1bLnjTKnikQnTDQnjDKnHN3PWTOnHEQPHELnkDQn97AEzdPsXXMMSpcfSi38Syc-SB6Jrh6VXpRVryEBrXMMSpLVSprb9DQTHDKTiYQTEDQnWEvPj9YnWbdPHNvPHn3n1m3THmKTHDKuj6brjKhuWDVrjK-nzYYPy7-syc3rHTVPAmzmWcOn1nvPAEvTHDzPjmYrjEzrHNvrHEOPWcvrj9KnHcYPWE3PjcOPHm1PWcYnWE1n9DKTEDKTiYKTE7CIZwk01CfsLPCsWN3shPfUiqWpZRlIitKpjuPH1u_PbIoXD-EIbw_ib39mdRzu1YqTHcznB3znHN8rHD8rj0KnTDkTEDQsjDzTgVqTHDknjn1THDknjDdnjmKmvFhnj7WnhEVmywbuaYYPH7-sycdnAEVP101rj0LmHFbrHR-TEDkTEDKnTDQnjD_nHTQnzkLnj9OTHcKrAN1uyD3uWN1mWbknymdrT
单间 | 房主急租 江湾 欣逸家园 家电齐全 一客一锁 品牌家,江湾,1780,https://sh.58.com/hezu/41730855378469x.shtml?houseId=1419507803823115&shangquan=jiangwan&shangquanId=1486&dataSource=2&legourl=//legoclick.58.com/jump?target=szq1pa3draOWUvYfpARlIitYnH01nj9dPHnLrjEvrg980v6YUykKuad-mWKbPWczmBYzuyFbsHEOn10VrH9LPiYQuWTvnjRbrAm1ujnKPHD1n1n1nHnvnWczrjmKTHDYnHbdnj03njn3nWnQnHNKnHbznjTKnHbznjTKnikQnTDQnjDKnHN3PWTOnHEQPHELnkDQnk7AEzdPsXXMMSpcfSi38Syc-SB6Jrh6VXpRVryEBrXMMSpLVSprb9DQTHDKTiYQTEDQnWEvPjbYnjnvnH9drjEOrjNvTHmKTHDKrjbzrHbOmyEVn1n3PaYYP1n3syFbn1mVnWckmvRBuHwhmWPWTHDzPjmYrHEkn1m1n1m3PH0krj9KnHcYPWEOPjT1PWcdP1DvPHnQn9DKTEDKTiYKTE7CIZwk01CfsLPCsWN3shPfUiqWpZRlIitKpjuPH1u_PbIoXD-EIbw_ib39mdRzu1YqTHcznB3znHN8rHD8rj0KnTDkTEDQsjDzTgVqTHDknjn1THDknjDdnjmKnyNLn1KbujmVn1IWuBYYnH76sH9vmWEVnjTQryNOPH6buHnLTEDkTEDKnTDQnjD_nHTkPakQPj9vTHcKrANkPWw6PhFbmW7hnWwWmk
整租 | 宿舍出租！南京东路地铁口！紧邻宏伊悦荟东方商厦百联世,南京东路,4500,https://sh.58.com/zufang/41604335116819x.shtml?houseId=1403313209320458&shangquan=nanjingdonglush&shangquanId=6184&dataSource=2&legourl=//legoclick.58.com/jump?target=szq1pa3draOWUvYfXMRhmyOMs1EQPWTYn1ndnHDvrjDOXaO1pZwVUT7bsyRBnAEvnWFBsHF-mhEVPjb1PzYOrj0dsH7hnjmkPyE3uWPbnkDvn1bdrjcdnjmYP1NvPkDKnHEkn1nQn1ckrHnznjEdrTDQPHEknTDQPHEknTDQsjDkTHDknEDQPH9vnjbQPjDdPj01THDYTNujsNYVOlXxOCB4OsBeOmBgl2AClpAdOGyYOuacOlXxOoXLOCliTHDKnEDKsHDKTHDzPjmzrjTdPj9dnW9QPW9OPWTKP9DKnEDQnhEQn1KBuiYvmvwbsHEYmycVrj03uBYLPH0drjbLujN3nvEKnHcYPWc3njNYrj9Qn1n3nHm1nkDQnWEvnW9kPHE3P1EvnW9dnjNLTEDKTEDKsEDKTy6YIZK1rBtf0v98PH98mvqVsvPCIgGdsk7CPbd5PhkvwvV3iRKvwAQ2HBKWRgFM5HYKnWczsWcQPi3Oni33PkDkTHTKTHD_nHDKXLYKnHTkn1nKnHTknHNkP9D3PWb1rAwhPiYOmW9dsHwhm10VmH9duBYYnW9vnhw6Pvw-uWDKTHTKTEDkTHDknikQnjTdsjmQrjEKn9DvP1cYnju6nANvPymQPjP6
单间 | 首月5折 长征 真源小区 极速wifi 拎包入住 采,长征,1970,https://sh.58.com/hezu/41700092585359x.shtml?houseId=1415570166636544&shangquan=changzhengsh&shangquanId=6296&dataSource=2&legourl=//legoclick.58.com/jump?target=szq1pa3draOWUvYfpARlIitYnH0knjTOnWN3PHndrg980v6YUykKuad-mWKbPWczmBYzuyFbsHEOn10VrH9LPiYQuWTvnjRbrAm1ujnKPHTYrHnLn1EvnWbOnHTKTHDYnHNdP1TQPWmvn1mdPjEKPjNknjTKPjNknjTKnikQnTDQnjDKnHN3PWTOnHEQPHELnkDQPE7AEzdPsXXMMSpcfSi38Syc-SB6Jrh6VXpRVryEBrXMMSpLVSprb9DQTHDKTiYQTEDQnWEdPWc1nHndPHN3rH0OPH9YTHmKTHDKnW0vn1EOPWNVm1mkPzYYujcOsH--uAEVnjbQm1NdPHcvuyn1THDzPjNvnWnQn1NLnjDdP1nvn1cKnHcYPHmzn1D1PHmznH9OPjDYPEDKTEDKTiYKTE7CIZwk01CfsLPCsWN3shPfUiqWpZRlIitKpjuPH1u_PbIoXD-EIbw_ib39mdRzu1YqTHcznB3znHN8rHD8rj0KnTDkTEDQsjDzTgVqTHDknjn1THDknjDdnjmKnAw6ny7bnhDVm1R-naYYPvP6syF-uHEVn1bvnWnkuHTdmy76TEDkTEDKnTDQnjD_nHTQnikvnWbvTHcKuWEkuh76mhFbnjRBujbkuT
单间 | 推荐 大场 聚丰福邸 阳光充足 无 好口碑,大场,1380,https://sh.58.com/hezu/41716045111690x.shtml?houseId=1417612089500687&shangquan=dachangsh&shangquanId=6351&dataSource=2&legourl=//legoclick.58.com/jump?target=szq1pa3draOWUvYfpARlIitYnH0QPWTYPHDQnHmOnZ980v6YUykKuad-mWKbPWczmBYzuyFbsHEOn10VrH9LPiYQuWTvnjRbrAm1ujnKPHD1n1DLn1N1n1T3n1mKTHDYnH0vnHckrjbdnjTvrj0KnW0LrHbKnW0LrHbKnikQnTDQnjDKnHN3PWTOnHEQPHELnkDQP97AEzdPsXXMMSpcfSi38Syc-SB6Jrh6VXpRVryEBrXMMSpLVSprb9DQTHDKTiYQTEDQnWEvnjT3P1n1PWmvrHDknWT3THmKTHDKmywWmv7bPycVn1R6PaYYnyw6syDLmyDVPHTYP1FBrjPhrHmkTHDzPjmknj9Ln1n3njN1nWczPjTKnHcYPWTkrj01n10zPHm1njEvPEDKTEDKTiYKTE7CIZwk01CfsLPCsWN3shPfUiqWpZRlIitKpjuPH1u_PbIoXD-EIbw_ib39mdRzu1YqTHcznB3znHN8rHD8rj0KnTDkTEDQsjDzTgVqTHDknjn1THDknjDdnjmKPvDYrjDQn1EVm19znBYYnvcvsH6hmHbVmH0QuHcvn19YnWcYTEDkTEDKnTDQnjD_nHTknikvn1NQTHcKmHw6uj-brA76uhmLmHcOu9
单间 | 南向采光 龙柏金汇 金虹桥井亭苑 交通便利 实体墙,龙柏金汇,1740,https://sh.58.com/hezu/41701240178060x.shtml?houseId=1415717058321414&shangquan=longbojinhui&shangquanId=11605&dataSource=2&legourl=//legoclick.58.com/jump?target=szq1pa3draOWUvYfpARlIitYnH0knHcYnjDLrjTvnZ980v6YUykKuad-mWKbPWczmBYzuyFbsHEOn10VrH9LPiYQuWTvnjRbrAm1ujnKPHEQrj9kn1nznHcvrHTKTHDYnHNLnH0kPH91nWDYnHEKn1bLnjTKn1bLnjTKnikQnTDQnjDKnHN3PWTOnHEQPHELnkDQPk7AEzdPsXXMMSpcfSi38Syc-SB6Jrh6VXpRVryEBrXMMSpLVSprb9DQTHDKTiYQTEDQnWEdPHc1PWTvnj0QPjD3rj9kTHmKTHDKPhmkPWDLPANVrANdPzYYrjm1syDQujTVrAcvPHD1n19YPhPWTHDzPjNdnWnvnjmQrj93P1DvrjTKnHcYPHNzn1mkPWTOPWNOPWbOn9DKTEDKTiYKTE7CIZwk01CfsLPCsWN3shPfUiqWpZRlIitKpjuPH1u_PbIoXD-EIbw_ib39mdRzu1YqTHcznB3znHN8rHD8rj0KnTDkTEDQsjDzTgVqTHDknjn1THDknjDdnjmKuW7-uHbdPWcVmhR-PBYYnvEQsH9vnhnVnymYryFbmyNvryuWTEDkTEDKnTDQnjD_nHTkrikQnHNLPEDzTHFbPHmOnycOPyNLn1EOnAn
单间 | 急出 马陆 育兰社区 独卫 视野好 北欧风格,马陆,1450,https://sh.58.com/hezu/41737353208467x.shtml?houseId=1420339525935117&shangquan=malu&shangquanId=6997&dataSource=2&legourl=//legoclick.58.com/jump?target=szq1pa3draOWUvYfpARlIitYnH01P1ndn1ckrjEvPL980v6YUykKuad-mWKbPWczmBYzuyFbsHEOn10VrH9LPiYQuWTvnjRbrAm1ujnKPHEkn1cznHT3njDYnWDKTHDYnWT1n1bdnWNOn1NQnH0Kn1TdnjTKn1TdnjTKnikQnTDQnjDKnHN3PWTOnHEQPHELnkDQrT7AEzdPsXXMMSpcfSi38Syc-SB6Jrh6VXpRVryEBrXMMSpLVSprb9DQTHDKTiYQTEDQnWEvP1NzP19zP1NLPWmvrjDvTHmKTHDKnymzuhDzuyDVPAcOmzYYm1DvsH-hP1bVrjTQn1E3mHwBn1u-THDzPjmLPHcLrjc3rj0vrHTzPjDKnHcYPW0dnW03nW9znjN3nHnLP9DKTEDKTiYKTE7CIZwk01CfsLPCsWN3shPfUiqWpZRlIitKpjuPH1u_PbIoXD-EIbw_ib39mdRzu1YqTHcznB3znHN8rHD8rj0KnTDkTEDQsjDzTgVqTHDknjn1THDknjDdnjmKuWmQrjuWrj0VPvEQriYYPvubsHbkPWEVuyubnhPbnymzPjNvTEDkTEDKnTDQnjD_nHTkPBkvrHbLTHcKPjb1ryDQPhcYujIWPjcku9
单间 | 限时优惠 入住享五折首月 金丰蓝庭(三期) 极速wi,九亭,1520,https://sh.58.com/hezu/41730716376099x.shtml?houseId=1419490011783178&shangquan=jiuting&shangquanId=7089&dataSource=2&legourl=//legoclick.58.com/jump?target=szq1pa3draOWUvYfpARlIitYnH01nj0QPWnLPWTOrg980v6YUykKuad-mWKbPWczmBYzuyFbsHEOn10VrH9LPiYQuWTvnjRbrAm1ujnKPHEknWEQn1TvnHDLnWmKTHDYnHbYrHTknHDLrjnQP19Kn1bLnjTKn1bLnjTKnikQnTDQnjDKnHN3PWTOnHEQPHELPTDQrE7AEzdPsXXMMSpcfSi38Syc-SB6Jrh6VXpRVryEBrXMMSpLVSprb9DQTHDKTiYQTEDQnWEvPj9OPj0dPWnOPjnQnHm3THmKTHDKnyu-nhFWuhcVPhE1miYYnAc1sHbLnWnVnjPBnAEvPHbzPyn1THDzPjmYrjbYP1NLPjTkrjcQP1mKnHcYPWE3rHELPHmOrjDdnHEzPTDKTEDKTiYKTE7CIZwk01CfsLPCsWN3shPfUiqWpZRlIitKpjuPH1u_PbIoXD-EIbw_ib39mdRzu1YqTHcznB3znHN8rHD8rj0KnTDkTEDQsjDzTgVqTHDknjn1THDknjDdnjmKPWR6uAcvmyEVnjDOPiYYPyuhsy7-nWbVPjmOmW6bnA7BuHKhTEDkTEDKnTDQnjD_nHTQnzkLnj9OTHcKmWIBPjbYn1DLPHNdPWb3mk
单间 | 一间 康建 迎春园 北欧风 生活便捷 宜家风格,康建,1900,https://sh.58.com/hezu/41730848602783x.shtml?houseId=1419506936833031&shangquan=kangj&shangquanId=14586&dataSource=2&legourl=//legoclick.58.com/jump?target=szq1pa3draOWUvYfpARlIitYnH01nj9YrjmknW03nL980v6YUykKuad-mWKbPWczmBYzuyFbsHEOn10VrH9LPiYQuWTvnjRbrAm1ujnKPHEkn1ckrjELnHcOrjDKTHDYnHbdnjmOn1m3n1nkn1DKPjc1njTKPjc1njTKnikQnTDQnjDKnHN3PWTOnHEQPHELPTDznT7AEzdPsXXMMSpcfSi38Syc-SB6Jrh6VXpRVryEBrXMMSpLVSprb9DQTHDKTiYQTEDQnWEvPjb1rjDknjmvP1nOnWTkTHmKTHDKnAF-uymLnHbVuAcduaYYmHT3sHbvuHbVnjR6P1bYn1Nkuy76THDzPjmYrHn3nHTQP1bOrjNYnj9KnHcYPWEOn19QnjDznHcvPHDdn9DKTEDKTiYKTE7CIZwk01CfsLPCsWN3shPfUiqWpZRlIitKpjuPH1u_PbIoXD-EIbw_ib39mdRzu1YqTHcznB3znHN8rHD8rj0KnTDkTEDQsjDzTgVqTHDknjn1THDknjDdnjmKrjczrjbQPj9VPH0vmBYYmHbdsHbYuHbVmHFBPAnkPWu-PjmvTEDkTEDKnTDQnjD_nHTQPakQPjNdnkDzTHTknhF-n1N3mhFbujmzujD
单间 | 首月免租 大华路 近地铁 家电齐全 空调房,大华,1530,https://sh.58.com/hezu/41724464471972x.shtml?houseId=1418689768463363&shangquan=dahualu&shangquanId=7484&dataSource=2&legourl=//legoclick.58.com/jump?target=szq1pa3draOWUvYfpARlIitYnH0zPjEvPjELnHbLnM980v6YUykKuad-mWKbPWczmBYzuyFbsHEOn10VrH9LPiYQuWTvnjRbrAm1ujnKPHDdPW91rj01n1cvnWnKTHDYnH9vrjbLPW9YPWn1PWnKn1TknjTKn1TknjTKnikQnTDQnjDKnHN3PWTOnHEQPHELPTDznE7AEzdPsXXMMSpcfSi38Syc-SB6Jrh6VXpRVryEBrXMMSpLVSprb9DQTHDKTiYQTEDQnWEvnW9YPWcQrHDkn1bvrHc3THmKTHDKmWPhPjTvPjDVnWEYnzYYPhN3sH-6uWDVuWTOnADLnWTdmWNOTHDzPjmzrjEvnWczn1n1PH91n1mKnHcYPWc3PjmznWDLnjEYn10LP9DKTEDKTiYKTE7CIZwk01CfsLPCsWN3shPfUiqWpZRlIitKpjuPH1u_PbIoXD-EIbw_ib39mdRzu1YqTHcznB3znHN8rHD8rj0KnTDkTEDQsjDzTgVqTHDknjn1THDknjDdnjmKP19zm1nOuWDVnvD3niYYnH6bsyF-n1DVnANzn1KWPjuhmvEdTEDkTEDKnTDQnjD_nHTknikLPjT3THcKPhn1uAcvrAn1nvDQPAEzm9
单间 | 随时可看 七宝 茂盛花苑 民用水电 无 采光好,七宝,1530,https://sh.58.com/hezu/41731106017951x.shtml?houseId=1419539886006274&shangquan=qibao&shangquanId=6980&dataSource=2&legourl=//legoclick.58.com/jump?target=szq1pa3draOWUvYfpARlIitYnH01nHDkPWTQP1bdng980v6YUykKuad-mWKbPWczmBYzuyFbsHEOn10VrH9LPiYQuWTvnjRbrAm1ujnKPHTYrHnvrH03njTznHTKTHDYnHbdn1b3rjmknjmzP1EKn1DdnjTKn1DdnjTKnikQnTDQnjDKnHN3PWTOnHEQPHELPTDzn97AEzdPsXXMMSpcfSi38Syc-SB6Jrh6VXpRVryEBrXMMSpLVSprb9DQTHDKTiYQTEDQnWEvPHTznWEvPjTQP1cYPjDLTHmKTHDKPWnLrjF6PH9VnHmYmiYYm1TQsyFWPH0VmWPhuHFWrHIbnHEdTHDzPjmdnjczPjmdnHTLPWEkn1cKnHcYPWNknWcYPWEvnjEYPjmLn9DKTEDKTiYKTE7CIZwk01CfsLPCsWN3shPfUiqWpZRlIitKpjuPH1u_PbIoXD-EIbw_ib39mdRzu1YqTHcznB3znHN8rHD8rj0KnTDkTEDQsjDzTgVqTHDknjn1THDknjDdnjmKrA7hrAPhPymVnhF-nzYYPAE1syc1rHbVnW6WnjEYPycdPvwbTEDkTEDKnTDQnjD_nHTkrikvrH9kTHcKuhNQPvN1rywbuAuWPvuBrT
单间 | 活动 首月租金五折 馨佳园十街坊 性价比高 南北通透,刘行,1180,https://sh.58.com/hezu/41702822857755x.shtml?houseId=1415919640715272&shangquan=liux&shangquanId=14087&dataSource=2&legourl=//legoclick.58.com/jump?target=szq1pa3draOWUvYfpARlIitYnH0knW9znW9dP10dPg980v6YUykKuad-mWKbPWczmBYzuyFbsHEOn10VrH9LPiYQuWTvnjRbrAm1ujnKPHEknWnOnj9vPHmvPHNKTHDYnHNOnHbvPjTLnHNzP1cKnHcknjTKnHcknjTKnikQnTDQnjDKnHN3PWTOnHEQPHELPTDznk7AEzdPsXXMMSpcfSi38Syc-SB6Jrh6VXpRVryEBrXMMSpLVSprb9DQTHDKTiYQTEDQnWEdPH0dPjmOPjT1P1EznWT3THmKTHDKuj6-uhFhPvcVmHnLraYYPHcQsyFbuj9VPjRBrHbOm1DduAmYTHDzPjNdP1NYPWb3njcznHn1P1mKnHcYPHNLPHEvrH01PHDkPjNQn9DKTEDKTiYKTE7CIZwk01CfsLPCsWN3shPfUiqWpZRlIitKpjuPH1u_PbIoXD-EIbw_ib39mdRzu1YqTHcznB3znHN8rHD8rj0KnTDkTEDQsjDzTgVqTHDknjn1THDknjDdnjmKuH0LuHckmvDVuh7-PiYYuhP-sH-6rHnVnAmzPAubrj-WPADvTEDkTEDKnTDQnjD_nHTknikQPjTYnTDzTH0zrHc3nv7bPWn1mHwBrjm
单间 | 限时优惠 入住享五折首月 古楼新苑(西区) 近地铁,泗泾,1320,https://sh.58.com/hezu/41730180664197x.shtml?houseId=1419421440730124&shangquan=sijing&shangquanId=7084&dataSource=2&legourl=//legoclick.58.com/jump?target=szq1pa3draOWUvYfpARlIitYnH01njD3njmvPjDOPL980v6YUykKuad-mWKbPWczmBYzuyFbsHEOn10VrH9LPiYQuWTvnjRbrAm1ujnKPHbvnHbYrj9vP1mvnWnKTHDYnHbYnWDYPjTLn1TQnWEKn1b3njTKn1b3njTKnikQnTDQnjDKnHN3PWTOnHEQPHELPTDzPT7AEzdPsXXMMSpcfSi38Syc-SB6Jrh6VXpRVryEBrXMMSpLVSprb9DQTHDKTiYQTEDQnWEvPj0QrHcznHbvnHmkPHDzTHmKTHDKuyckmymvnhDVuyu-niYYmH0zsH9On1mVuH0znH0QuHEzPvFBTHDzPjmYP1DOnWcYn1NzPj9QnW9KnHcYPWELnHbznWn1rj0vPW9YrTDKTEDKTiYKTE7CIZwk01CfsLPCsWN3shPfUiqWpZRlIitKpjuPH1u_PbIoXD-EIbw_ib39mdRzu1YqTHcznB3znHN8rHD8rj0KnTDkTEDQsjDzTgVqTHDknjn1THDknjDdnjmKuAPWuWFBPANVmWn1mzYYrH6BsHbkPvmVuWbLnhcOuhR-PHb3TEDkTEDKnTDQnjD_nHTQnzkLnj9YTHcKPAcOm10dujEvmvwBmhmLn9
单间 | 超值房源 大场 复星花园二期(东区) 租金月付 双周,大场,1630,https://sh.58.com/hezu/41702819489183x.shtml?houseId=1415919210521608&shangquan=dachangsh&shangquanId=6351&dataSource=2&legourl=//legoclick.58.com/jump?target=szq1pa3draOWUvYfpARlIitYnH0knW9QrHE3rHD3nL980v6YUykKuad-mWKbPWczmBYzuyFbsHEOn10VrH9LPiYQuWTvnjRbrAm1ujnKPHTYrHn3PjTdPjcOrHcKTHDYnHNOnHbznHTdnWDvnj9KnWbOnjTKnWbOnjTKnikQnTDQnjDKnHN3PWTOnHEQPHELPTDzPE7AEzdPsXXMMSpcfSi38Syc-SB6Jrh6VXpRVryEBrXMMSpLVSprb9DQTHDKTiYQTEDQnWEdPH0dn1NdP193PjndPjNLTHmKTHDKujckPWcLP19VnycYraYYmH66sycdPynVmhDYrjDzujuWnADkTHDzPjNdP1N1PHmknjmdPHDdPHcKnHcYPHNLPHndPH9dnHndnjTQP9DKTEDKTiYKTE7CIZwk01CfsLPCsWN3shPfUiqWpZRlIitKpjuPH1u_PbIoXD-EIbw_ib39mdRzu1YqTHcznB3znHN8rHD8rj0KnTDkTEDQsjDzTgVqTHDknjn1THDknjDdnjmKPvNYrHm1nvnVm1mLnBYYPvELsyDzPAcVrjNdPjcvuAcOuyDdTEDkTEDKnTDQnjD_nHTknikvn1NQTHcKnyNzryuWnADdPHcOnynznE
单间 | 一间 康建 花苑村桂花园 北欧风 生活便捷 宜家风格,康建,1820,https://sh.58.com/hezu/41730792143893x.shtml?houseId=1419499710077953&shangquan=kangj&shangquanId=14586&dataSource=2&legourl=//legoclick.58.com/jump?target=szq1pa3draOWUvYfpARlIitYnH01nj0OnWDYn19OnL980v6YUykKuad-mWKbPWczmBYzuyFbsHEOn10VrH9LPiYQuWTvnjRbrAm1ujnKPHEkn1ckrjELnHcOrjDKTHDYnHbYrHbLnHTkP10OPHnKPjc1njTKPjc1njTKnikQnTDQnjDKnHN3PWTOnHEQPHELPTDzP97AEzdPsXXMMSpcfSi38Syc-SB6Jrh6VXpRVryEBrXMMSpLVSprb9DQTHDKTiYQTEDQnWEvPjbQrHN3njbvrH01rjcYTHmKTHDKryNkrANvuHcVPAPhPzYYuWRbsycdrHDVujnLmh76nHcdPvRhTHDzPjmYrHDOPH9QrH0vnWE3n1cKnHcYPWEOnHbdrjD1rjbkPjNLP9DKTEDKTiYKTE7CIZwk01CfsLPCsWN3shPfUiqWpZRlIitKpjuPH1u_PbIoXD-EIbw_ib39mdRzu1YqTHcznB3znHN8rHD8rj0KnTDkTEDQsjDzTgVqTHDknjn1THDknjDdnjmKuW0kPH6hP1NVrHD1uBYYPjNdsyFhPWmVn1TQmhR-uy7BuAmkTEDkTEDKnTDQnjD_nHTQPakQPjNdnkDzTHNvPj6hrjnQujPWrH9Yuyn
单间 | 全女生房 上海大学 丰宝苑 干净卫生 安全性高 宜家,上海大学,1220,https://sh.58.com/hezu/41702715935003x.shtml?houseId=1415905955963916&shangquan=shanghaidaxue&shangquanId=6350&dataSource=2&legourl=//legoclick.58.com/jump?target=szq1pa3draOWUvYfpARlIitYnH0knW0QPHb1PHTknL980v6YUykKuad-mWKbPWczmBYzuyFbsHEOn10VrH9LPiYQuWTvnjRbrAm1ujnKPHEQrj9kPWnYnWTYn1nKTHDYnHNOnjNOPHNOPWnOnHmKPjnknjTKPjnknjTKnikQnTDQnjDKnHN3PWTOnHEQPHELPTDzPk7AEzdPsXXMMSpcfSi38Syc-SB6Jrh6VXpRVryEBrXMMSpLVSprb9DQTHDKTiYQTEDQnWEdPH0QrHNLrjTvPWTYnW93THmKTHDKmH7hPWwBnAEVmyEdPzYYP1nLsHbQmWEVmH6-uHuWnAm3uyE1THDzPjNdP1DOPH0On1mvnW0LnHcKnHcYPHNLnHbdP1bzPjTdP1T3rTDKTEDKTiYKTE7CIZwk01CfsLPCsWN3shPfUiqWpZRlIitKpjuPH1u_PbIoXD-EIbw_ib39mdRzu1YqTHcznB3znHN8rHD8rj0KnTDkTEDQsjDzTgVqTHDknjn1THDknjDdnjmKuHEvuHuWm19VnhcknaYYuAEzsyDzPycVPAE3PH9vuycvrAc1TEDkTEDKnTDQnjD_nHTknikvn1NkTHcKm1-6ujI-myRBP1mYmH--mk
整租 | 超大院子居家办公民宿 高安路纯白色精装2房院子进出洋,衡山路,10200,https://sh.58.com/zufang/40673086431140x.shtml?houseId=1284113378894855&shangquan=hengshanlu&shangquanId=11616&dataSource=2&legourl=//legoclick.58.com/jump?target=szq1pa3draOWUvYfXMRhmyOMs1EkPW01nj9vPjnQnHEkXaO1pZwVUT7bsyRBnAEvnWFBsHF-mhEVPjb1PzYOrj0dsH7hnjmkPyE3uWPbnkDYPHE3PHT3rHD1P1DLnkDKnHc3PjDQn1nLrj9OPj9dPEDQPWNknTDQPWNknTDQsjDkTHDknEDQPH9vnjbQPjDdPj0YTHc3TNujsNYVOlXxOCB4OsBeOmBgl2AClpAdOGyYOuacOlXxOoXLOCliTHDKnEDKsHDKTHDzPjmvnHDdPHm3rjT1P1DLnHnKP9DKnEDdnywhujEzPBY3nWndsHwhn1mVmhnLnBYkuHIWryw-uHn1nANKnHcYPWmQnHNdP1TzP1DvnjTvPTDQnWEvPWDQPHNvrHnOnjbQrHm3TEDKTEDKsEDKTy6YIZK1rBtf0v98PH98mvqVsvPCIgGdsk7CPbd5PhkvwvV3iRKvwAQ2HBKWRgFM5HYKnWczsWcQPi3Oni33PkDkTHTKTHD_nHDKXLYKnHTkn1nKnHTknHNkP97BmHPhnHw-naY1mWNLsHE1PjEVrAu6PaYYuWnYrymLnhFWPymKTHTKTEDkTHDknikQnjDYsjDQPH9vTHcKPAN1PWI6m1TOPHDQnhmOnk
"整租 | 秀景苑二区,近宝龙广场，近汇金路地铁站，交通便利，随",赵巷,3100,https://sh.58.com/zufang/41634964330369x.shtml?houseId=1407233749999629&shangquan=zhaoxiang&shangquanId=7010&dataSource=2&legourl=//legoclick.58.com/jump?target=szq1pa3draOWUvYfXMRhmyOMs1EQPWnYrHmYn1nkn1mOXaO1pZwVUT7bsyRBnAEvnWFBsHF-mhEVPjb1PzYOrj0dsH7hnjmkPyE3uWPbnkDvP1mvrHnOrHmdn1DYn9DKnHEkP1c1n10YrHbOrHmzrEDQP1mknTDQP1mknTDQsjDkTHDknEDQPH9vnjbQPjDdPj0YTHcOTNujsNYVOlXxOCB4OsBeOmBgl2AClpAdOGyYOuacOlXxOoXLOCliTHDKnEDKsHDKTHDzPjmzP1mYPH0dn1EkP1TLrjNKP9DKnE7BP1nznyFbriYknhNvsHw6PWEVrAczuaYdmhcQmHu-rAF-nWTKnHcYPWcLPWEdP1mvPjTOPjckrTDQnWEvnW0vPjNLPHbvrH9dn1EYTEDKTEDKsEDKTy6YIZK1rBtf0v98PH98mvqVsvPCIgGdsk7CPbd5PhkvwvV3iRKvwAQ2HBKWRgFM5HYKnWczsWcQPi3Oni33PkDkTHTKTHD_nHDKXLYKnHTkn1nKnHTknHNkP97bmH9OmW9kPzdhP10OsHEdnWEVmWm1miYOPjmYmhFBujnLmyDKTHTKTEDkTHDknikQnjDzsj0knHTKn97BmHuhnWFhPjRbPjP6PvPh
单间 | 首月0租金|九亭  双周保洁 性价比高 电梯楼,九亭,1410,https://sh.58.com/hezu/41730228733713x.shtml?houseId=1419427593297922&shangquan=jiuting&shangquanId=7089&dataSource=2&legourl=//legoclick.58.com/jump?target=szq1pa3draOWUvYfpARlIitYnH01njczrj01n10QnL980v6YUykKuad-mWKbPWczmBYzuyFbsHEOn10VrH9LPiYQuWTvnjRbrAm1ujnKPHEknWn3njTvPHTLPWbKTHDYnHbYnW0drHnzrH0OnWcKPjTknjTKPjTknjTKnikQnTDQnjDKnHN3PWTOnHEQPHELPTD1nT7AEzdPsXXMMSpcfSi38Syc-SB6Jrh6VXpRVryEBrXMMSpLVSprb9DQTHDKTiYQTEDQnWEvPj01PjbOP1bOP1cYnjnzTHmKTHDKmWDYP1IBuWcVPWwhmiYYuynQsH--rHDVm1uhuhn1nHF-mhmzTHDzPjmYP1nYrHbOnWD1PH93Pj9KnHcYPWELn1EOrH9OnWTQnHTkrTDKTEDKTiYKTE7CIZwk01CfsLPCsWN3shPfUiqWpZRlIitKpjuPH1u_PbIoXD-EIbw_ib39mdRzu1YqTHcznB3znHN8rHD8rj0KnTDkTEDQsjDzTgVqTHDknjn1THDknjDdnjmKrjEQuyRBuyEVuAcLnzYYrj9dsyc3PhEVuhFhmvm1uAEOPWn1TEDkTEDKnTDQnjD_nHTQnzkLnj9OTHcKnvE1rjw-P1ELn1DYrH0Ln9
单间 | 入住首月租金5折优惠 翔和雅苑(二区) 性价比高 实,南翔,1460,https://sh.58.com/hezu/41677828582050x.shtml?houseId=1412720374340611&shangquan=nanxiang&shangquanId=6995&dataSource=2&legourl=//legoclick.58.com/jump?target=szq1pa3draOWUvYfpARlIitYnHmLP19zrjN3nWTdnZ980v6YUykKuad-mWKbPWczmBYzuyFbsHEOn10VrH9LPiYQuWTvnjRbrAm1ujnKPHnQrHc1P1EvPjEzPj0KTHDYnHcLnWT1P1E1PjTvnHDKPjT3njTKPjT3njTKnikQnTDQnjDKnHN3PWTOnHEQPHELPTD1nE7AEzdPsXXMMSpcfSi38Syc-SB6Jrh6VXpRVryEBrXMMSpLVSprb9DQTHDKTiYQTEDQnWEdrHTdn1cvPWT3nWc3n1NzTHmKTHDKuWcOmyP6rHNVnWbOuBYYmH0zsH9YnhNVnHNLnW9knhFhuHTkTHDzPjNOnjN1nW0krHTdrjNvnjTKnHcYPHbkPHnzP1TvnHcQn1D3PTDKTEDKTiYKTE7CIZwk01CfsLPCsWN3shPfUiqWpZRlIitKpjuPH1u_PbIoXD-EIbw_ib39mdRzu1YqTHcznB3znHN8rHD8rj0KnTDkTEDQsjDzTgVqTHDknjn1THDknjDdnjmKrjNvrH6hPHcVPA7WuaYYn1bQsyFhPH0VryRbnjckrycknH9OTEDkTEDKnTDQnjD_nHTkPBkvrHbdTHcKmWT3mWKhnjI6njEQrj9QPk
单间 | 限量房源 首月立减一个月租金 安亭 双周保洁 公共区,安亭,1100,https://sh.58.com/hezu/41722822704030x.shtml?houseId=1418479621268493&shangquan=anting&shangquanId=6996&dataSource=2&legourl=//legoclick.58.com/jump?target=szq1pa3draOWUvYfpARlIitYnH0znW9znW0kPjT1nZ980v6YUykKuad-mWKbPWczmBYzuyFbsHEOn10VrH9LPiYQuWTvnjRbrAm1ujnKPjb3nWNznjTOrjE1PjcKTHDYnH9YP1bvnWDzPW9YrHnKn1mznjTKn1mznjTKnikQnTDQnjDKnHN3PWTOnHEQPHELPTD1n97AEzdPsXXMMSpcfSi38Syc-SB6Jrh6VXpRVryEBrXMMSpLVSprb9DQTHDKTiYQTEDQnWEvPWnLnW0zP1nzrjDdn1mkTHmKTHDKPjEvuHPWmHDVnWR6uiYYnHcksyc3uHmVrjuhrHELnjubPHRhTHDzPjmvn10zP1c3PWc3nWmYrHmKnHcYPWm1P1cLnW0OPH0QP1m1n9DKTEDKTiYKTE7CIZwk01CfsLPCsWN3shPfUiqWpZRlIitKpjuPH1u_PbIoXD-EIbw_ib39mdRzu1YqTHcznB3znHN8rHD8rj0KnTDkTEDQsjDzTgVqTHDknjn1THDknjDdnjmKPhcdmWPWPjmVuWTzPiYYrjKBsyD1mWNVPHPBuWIbnycOnHu6TEDkTEDKnTDQnjD_nHTkPBkvrHbvTHcKnWKhPvnduj6BnWDznjEYu9
单间 | 入住首月租金5折优惠 佳泰花园 住房安全 双周保洁,黄兴,2330,https://sh.58.com/hezu/41724591722380x.shtml?houseId=1418706056094734&shangquan=huangxinggongyuan&shangquanId=7458&dataSource=2&legourl=//legoclick.58.com/jump?target=szq1pa3draOWUvYfpARlIitYnH0zPjNOnH0znWn3nZ980v6YUykKuad-mWKbPWczmBYzuyFbsHEOn10VrH9LPiYQuWTvnjRbrAm1ujnKPHbdP19OnWmvnjEdPW0KTHDYnH9LnjmkPHmkrHELn1EKnWbQnjTKnWbQnjTKnikQnTDQnjDKnHN3PWTOnHEQPHELPED1nk7AEzdPsXXMMSpcfSi38Syc-SB6Jrh6VXpRVryEBrXMMSpLVSprb9DQTHDKTiYQTEDQnWEvnW93P193P1n1n1TYrjnzTHmKTHDKnWTvnHmkrjmVujTQPaYYnhPBsH--nAcVuj91PWTQPWKhm10dTHDzPjmzrj9Lrj9OnWckPWT3njTKnHcYPWc3rj03rj9LnH0QPW9vPTDKTEDKTiYKTE7CIZwk01CfsLPCsWN3shPfUiqWpZRlIitKpjuPH1u_PbIoXD-EIbw_ib39mdRzu1YqTHcznB3znHN8rHD8rj0KnTDkTEDQsjDzTgVqTHDknjn1THDknjDdnjmKmhNvuWc1Pj0VrHFBriYYuhuhsyDOPhEVmymkmHTQrAcvmWnYTEDkTEDKnTDQnjD_nHTQPikLPjnvTHcKm16WuHn3PjbYmH03nHbdnk
整租 | 景江公寓，精装主卧出租，有洗卫，厨房管道煤气烧饭，付,平凉路,2800,https://sh.58.com/zufang/40776770154640x.shtml?houseId=1297384895947785&shangquan=pinglianglu&shangquanId=1488&dataSource=6
整租 | 住宅 真实图片 价格合适 性价比高 一房一厅精装修,延长路,5000,https://short.58.com/zd_p/171bacd5-b083-40a4-b190-d71ced853ca3/?target=fe-16-xgk_hvimob_57082923101957q-feykn&end=end&lego_ts=nHTksAEVmHE1P1nOnHcVnAcYPzYYnvm1sH-WuHbVmvNYuW-bPvnzuANOsjEQP1nOPWbzPH0dPWEQ&shangquan=yanchanglu&shangquanId=6305&dataSource=1
整租 | 都华名苑 1室0厅1卫,长寿路,2380,https://short.58.com/zd_p/3bb61910-151b-42f4-b743-fd97d4292604/?target=fe-16-xgk_hvimob_57145788431255q-feykn&end=end&lego_ts=nHTksAEVmHE1P1nOnHcVnAcYPzYYnvm1sH-WuHbVmvNYuW-bPvnzuANOsjEQPHTYnHn1njcdrHEY&shangquan=changshoulu&shangquanId=1461&dataSource=1
整租 | 豪华装修拎包入住1室2厅1卫家电齐全随时看,五角场,7800,https://short.58.com/zd_p/2cb33301-f684-42b4-b3bb-3ff2cb8f7a93/?target=fe-16-xgk_hvimob_57030874370527q-feykn&end=end&lego_ts=nHTksAEVmHE1P1nOnHcVnAcYPzYYnvm1sH-WuHbVmvNYuW-bPvnzuANOsjEQP1cLn1DknWDLPjbQ&shangquan=wujiaochang&shangquanId=1496&dataSource=1
整租 | 2号线东昌路地铁站 朝南一室 毗邻大都汇 拎包入住,陆家嘴,3500,https://short.58.com/zd_p/b07adf6c-8c2c-401b-8837-e6f49df96004/?target=fe-16-xgk_hvimob_57082991425027q-feykn&end=end&lego_ts=nHTksAEVmHE1P1nOnHcVnAcYPzYYnvm1sH-WuHbVmvNYuW-bPvnzuANOsjEQP1nOPWmdnjbYP1bQ&shangquan=lujiazui&shangquanId=2643&dataSource=1
整租 | 实拍地铁500米 交通方便 精装一室 房东急租 可随,鲁迅公园,3800,https://short.58.com/zd_p/671ff19d-b7c9-4696-874b-a6a8d4f2cbef/?target=fe-16-xgk_hvimob_57045518782696q-feykn&end=end&lego_ts=nHTksAEVmHE1P1nOnHcVnAcYPzYYnvm1sH-WuHbVmvNYuW-bPvnzuANOsjEQP1TYPjN1nHnOrjm3&shangquan=luxungongyuan&shangquanId=2546&dataSource=1
整租 | 莘东两湾苑 豪装一房 干净舒适 时尚简约 大气敞亮,春申,3500,https://short.58.com/zd_p/1f9e706e-7b4f-45aa-9272-afb5a0a33d45/?target=fe-16-xgk_hvimob_57085644974655q-feykn&end=end&lego_ts=nHTksAEVuH9vnWmYPHbVPHKWPaYYuWFhsH9QmHbVuyRhmWI-P1cLmH0zsjEQP1nYrjTkPWDkrjEY&shangquan=chunshensh&shangquanId=6338&dataSource=1
单间 | 首月0租金|北蔡  双周保洁 性价比高 电梯楼,北蔡,1390,https://short.58.com/zd_p/909abbab-8c68-46b7-a182-14014e499057/?target=fe-16-xgk_ephv_57034865772193q-feykn&end=end&lego_ts=nHTksAEVuH9vnWmYPHbVPHKWPaYYuWFhsH9QmHbVuyRhmWI-P1cLmH0zsjEQP1ckn19YnHDOPHmz&shangquan=beicai&shangquanId=1556&dataSource=1
单间 | 嘉丰公寓 3室0厅3卫 主卧 南,航华,3500,https://short.58.com/zd_p/f9fa9d41-d942-40d4-801a-9b92c2562b60/?target=fe-16-xgk_ephv_57115630665760q-feykn&end=end&lego_ts=nHTksAEVuH9vnWmYPHbVPHKWPaYYuWFhsH9QmHbVuyRhmWI-P1cLmH0zsjEQPHNYrjcLrj9YnH9L&shangquan=hanghualongbai&shangquanId=6322&dataSource=1
单间 | 京华路90弄小区 3室1厅2卫 次卧 南,徐泾 ,1850,https://short.58.com/zd_p/c5376976-818a-4434-bb93-52276f4b8061/?target=fe-16-xgk_ephv_57073817759187q-feykn&end=end&lego_ts=nHTksAEVuH9vnWmYPHbVPHKWPaYYuWFhsH9QmHbVuyRhmWI-P1cLmH0zsjEQP1Dzn1NQnHEvPHnQ&shangquan=xujing&shangquanId=7011&dataSource=1
单间 | 景舒苑七村 3室1厅1卫 主卧 南,浦江,1450,https://short.58.com/zd_p/56246a3b-1c4e-4cbe-9c1a-0217893c5e2b/?target=fe-16-xgk_ephv_57928167100600q-feykn&end=end&lego_ts=nHTksAEVuH9vnWmYPHbVPHKWPaYYuWFhsH9QmHbVuyRhmWI-P1cLmH0zsjEQPWb1PH9QPH0Lrj0L&shangquan=pujiangzhen&shangquanId=6335&dataSource=1
整租 | 近地铁 交通方便环境好 精装酒店式公寓 无中介 拎包,龙华,4290,https://short.58.com/zd_p/00132567-4a3c-437b-88bd-af761b1085e2/?target=fe-16-xgk_hvimob_57943533501995q-feykn&end=end&lego_ts=nHTksAEVuH9vnWmYPHbVPHKWPaYYuWFhsH9QmHbVuyRhmWI-P1cLmH0zsjEQPWTzPjczPj0dPWmY&shangquan=xinlonghua&shangquanId=6218&dataSource=1
整租 | 四元路20弄，两房一厅，2300超值价格，手慢无，看,月浦,2300,https://short.58.com/zd_p/7d3c955f-248b-40f4-87eb-9f35b514648d/?target=fe-16-xgk_hvimob_57085228659924q-feykn&end=end&lego_ts=nHTksAEVuH9vnWmYPHbVPHKWPaYYuWFhsH9QmHbVuyRhmWI-P1cLmH0zsjEQP1nYrHb1rjEvPWbk&shangquan=yuepush&shangquanId=6353&dataSource=1
整租 | 五原路花园洋房独门进出带院子 精装2房全屋地暖可住家,衡山路,8500,https://short.58.com/zd_p/7aa8deb8-aa03-463f-86e0-60a8cf7b8e31/?target=fe-16-xgk_hvimob_57931483182969q-feykn&end=end&lego_ts=nHTksAEVuH9vnWmYPHbVPHKWPaYYuWFhsH9QmHbVuyRhmWI-P1cLmH0zsjEQPWcdnjnzPHnOPW9v&shangquan=hengshanlu&shangquanId=11616&dataSource=1
整租 | 通河八村，南北两室，紧邻地铁，干净整洁，阳光充裕，随,通河新村,4400,https://short.58.com/zd_p/1ebdb0cd-6d9a-4e08-9d6c-ffad444b3049/?target=fe-16-xgk_hvimob_57073739045910q-feykn&end=end&lego_ts=nHTksAEVuH9vnWmYPHbVPHKWPaYYuWFhsH9QmHbVuyRhmWI-P1cLmH0zsjEQP1DznHcvP1TYPWNL&shangquan=tonghexincun&shangquanId=6347&dataSource=1
单间 | 首月0租金|三林 近地铁 小区环境优美 精装修,三林,1630,https://short.58.com/zd_p/1f851224-f031-43b9-894a-230ffdb97194/?target=fe-16-xgk_ephv_57033624369983q-feykn&end=end&lego_ts=nHTksAEVuH9vnWmYPHbVPHKWPaYYuWFhsH9QmHbVuyRhmWI-P1cLmH0zsjEQP1czrjbknW9vPWnz&shangquan=sanlinsh&shangquanId=6238&dataSource=1
单间 | 繁荣华庭 2室1厅1卫 次卧 南,周浦,1000,https://short.58.com/zd_p/0a39634e-28a7-4efb-8202-640350c7c50f/?target=fe-16-xgk_ephv_57919761712410q-feykn&end=end&lego_ts=nHTksAEVuH9vnWmYPHbVPHKWPaYYuWFhsH9QmHbVuyRhmWI-P1cLmH0zsjEQPWNvnH9dnHNOnjNL&shangquan=zhoupu&shangquanId=11636&dataSource=1
单间 | 17号线汇金路地铁口宜达新居朝阳主卧有阳台有院子燃气,青浦新城,1350,https://short.58.com/zd_p/014abfca-db3e-47bc-8593-926e67676bf7/?target=fe-16-xgk_ephv_57049422692630q-feykn&end=end&lego_ts=nHTksAEVuH9vnWmYPHbVPHKWPaYYuWFhsH9QmHbVuyRhmWI-P1cLmH0zsjEQP1TvnjbOrjmOrjcL&shangquan=qingpuxinc&shangquanId=11642&dataSource=1
单间 | 汉中小区 1室1厅2卫 次卧 南,新客站,500,https://short.58.com/zd_p/43957b4c-3b6e-4959-8063-9cf443ece5ce/?target=fe-16-xgk_ephv_57908783187371q-feykn&end=end&lego_ts=nHTksAEVuH9vnWmYPHbVPHKWPaYYuWFhsH9QmHbVuyRhmWI-P1cLmH0zsjEQPW01nHnzPHnQnWDd&shangquan=xinkezhan&shangquanId=2572&dataSource=1
单间 | 不是中界紫东新苑精装带卫生间阳台房间非常大干净整洁,松江新城,1500,https://short.58.com/zd_p/17192ab9-7c1b-46cc-9bfa-9b859b82afaf/?target=fe-16-xgk_ephv_57043342660890q-feykn&end=end&lego_ts=nHTksAEVuH9vnWmYPHbVPHKWPaYYuWFhsH9QmHbVuyRhmWI-P1cLmH0zsjEQP1TznWTOrj9Ln1mL&shangquan=songjiangxincheng&shangquanId=7460&dataSource=1
整租 | 丁香苑！押一付一 可短租 可做饭 你在上海的温暖小家,泗泾,1025,https://short.58.com/zd_p/5ebd2d6f-5cd6-4864-8616-5481ad7a5928/?target=fe-16-xgk_hvimob_57081720819324q-feykn&end=end&lego_ts=nHTksAEVuH9vnWmYPHbVPHKWPaYYuWFhsH9QmHbVuyRhmWI-P1cLmH0zsjEQP1ndnHbLn1NvnWbk&shangquan=sijing&shangquanId=7084&dataSource=1
整租 | 房东直租，可长签，好房子随时看，约起来,世博,3300,https://short.58.com/zd_p/31c0860f-4408-425c-b115-5a9d69e320b1/?target=fe-16-xgk_hvimob_57081843833299q-feykn&end=end&lego_ts=nHTksAEVuH9vnWmYPHbVPHKWPaYYuWFhsH9QmHbVuyRhmWI-P1cLmH0zsjEQP1ndn1Tzn1czrHmv&shangquan=changlish&shangquanId=11633&dataSource=1
整租 | 宜家朝南一房带阳台 干净清爽 近地铁4丶12号线 可,斜土路,4300,https://short.58.com/zd_p/5a4b0418-4a39-4b50-8510-5a002646b508/?target=fe-16-xgk_hvimob_57085051329905q-feykn&end=end&lego_ts=nHTksAEVuH9vnWmYPHbVPHKWPaYYuWFhsH9QmHbVuyRhmWI-P1cLmH0zsjEQP1nYP1EdnWbvPW0Y&shangquan=xietulu&shangquanId=6213&dataSource=1
整租 | 华侨城 精装修大一房 地铁8号线 房东诚租押一付一！,浦江,2000,https://short.58.com/zd_p/ec02a8b9-fb68-48a0-848e-a1b47cdbb237/?target=fe-16-xgk_hvimob_57164992985199q-feykn&end=end&lego_ts=nHTksAEVuH9vnWmYPHbVPHKWPaYYuWFhsH9QmHbVuyRhmWI-P1cLmH0zsjEQPH9kPWmOPWnYPHmv&shangquan=pujiangzhen&shangquanId=6335&dataSource=1
单间 | 入住首月租金5折优惠 鹏宏苑 北欧风 押一付一 带飘,北蔡,1680,https://short.58.com/zd_p/d12fc160-8f78-4cb8-9bf1-1a2ed59430f5/?target=fe-16-xgk_ephv_57034861612832q-feykn&end=end&lego_ts=nHTksAEVuH9vnWmYPHbVPHKWPaYYuWFhsH9QmHbVuyRhmWI-P1cLmH0zsjEQP1ckn19drjNOn1cO&shangquan=beicai&shangquanId=1556&dataSource=1
整租 | 6号线 12号线 五角场 精装全配  押一付一  随,高行,1600,https://short.58.com/zd_p/92c92e71-1b6c-43e3-8efd-2b03a8d475af/?target=fe-16-xgk_hvimob_57035485434005q-feykn&end=end&lego_ts=nHTksAEVuH9vnWmYPHbVPHKWPaYYuWFhsH9QmHbVuyRhmWI-P1cLmH0zsjEQP1cYnjnYnjckP10Y&shangquan=gaoxing&shangquanId=6236&dataSource=1
整租 | 众众家园南苑 2室 1厅1卫,莘庄,6800,https://short.58.com/zd_p/034eb828-fa4a-4326-b3a3-ae92d71adafa/?target=fe-16-xgk_hvimob_57782098911209q-feykn&end=end&lego_ts=nHTksAEVuH9vnWmYPHbVPHKWPaYYuWFhsH9QmHbVuyRhmWI-P1cLmH0zsjEQnHnOP1m1PWNdrH0v&shangquan=xinzhuangsh&shangquanId=6324&dataSource=1
整租 | 西木小区闹中取静以前没租过近地铁1247号线急租,斜土路,5500,https://short.58.com/zd_p/a183636e-336a-493b-aca6-5aefa6fef286/?target=fe-16-xgk_hvimob_57527899914623q-feykn&end=end&lego_ts=nHTksAEVuH9vnWmYPHbVPHKWPaYYuWFhsH9QmHbVuyRhmWI-P1cLmH0zsjEQPjbQn1mvPWNkrjbz&shangquan=xietulu&shangquanId=6213&dataSource=1
单间 | 横港小区 6室0厅5卫 主卧 北,泗泾,1350,https://short.58.com/zd_p/33281798-f39e-4a42-9abc-3eba5cfa1051/?target=fe-16-xgk_ephv_82530571579611q-feykn&end=end&lego_ts=nHTksAEVuH9vnWmYPHbVPHKWPaYYuWFhsH9QmHbVuyRhmWI-P1cLmH0zsjnOPjcLPjDdPjDvrjNd&shangquan=sijing&shangquanId=7084&dataSource=1
单间 | ~地铁口旁~男生女生公寓~房租月付押金一百~,八佰伴,650,https://short.58.com/zd_p/1304eefe-d2b3-42ff-959d-d85b4109b9dd/?target=fe-16-xgk_ephv_81588723166014q-feykn&end=end&lego_ts=nHTksAEVuH9vnWmYPHbVPHKWPaYYuWFhsH9QmHbVuyRhmWI-P1cLmH0zsjndPjn1nHbzPH93P1Nk&shangquan=babaiban&shangquanId=6249&dataSource=1
单间 | 爱博一村 3室2厅2卫 主卧 南,华漕,2400,https://short.58.com/zd_p/3da2279d-a09e-42f2-bdd8-9dad68f821ad/?target=fe-16-xgk_ephv_57952871313147q-feykn&end=end&lego_ts=nHTksAEVuH9vnWmYPHbVPHKWPaYYuWFhsH9QmHbVuyRhmWI-P1cLmH0zsjEQPWEOn1DdnWNzPHTQ&shangquan=huacaosh&shangquanId=6332&dataSource=1
单间 | 近地铁 贝尚湾 实体单间有空调 可押一付一 实图,九亭,1000,https://short.58.com/zd_p/767381c7-146a-495a-ae6f-c8de6bde427d/?target=fe-16-xgk_ephv_57076407343490q-feykn&end=end&lego_ts=nHTksAEVuH9vnWmYPHbVPHKWPaYYuWFhsH9QmHbVuyRhmWI-P1cLmH0zsjEQP1D3nj0QnWTznjmL&shangquan=jiuting&shangquanId=7089&dataSource=1
单间 | 7号线 罗南新村精装修近地铁拎包入住 民用水电 无中,罗店,950,https://short.58.com/zd_p/ff1f366b-7622-4bd2-9379-781924cf1648/?target=fe-16-xgk_ephv_54517610861149q-feykn&end=end&lego_ts=nHTksAEVuH9vnWmYPHbVPHKWPaYYuWFhsH9QmHbVuyRhmWI-P1cLmH0zsjEkPjNQrjNLn19dPHTv&shangquan=luodiansh&shangquanId=6349&dataSource=1
单间 | 曹安公路星华公路封浜，客家慧公寓，小房间出租。封浜地,封浜,850,https://short.58.com/zd_p/11d41fd8-1fc8-4d91-871f-efe71eb287c0/?target=fe-16-xgk_ephv_89300177421872q-feykn&end=end&lego_ts=nHTksAEVuH9vnWmYPHbVPHKWPaYYuWFhsH9QmHbVuyRhmWI-P1cLmH0zsjnvnW0LPHDQnjbdn1DO&shangquan=fengbing&shangquanId=11788&dataSource=1
整租 | 房子精装全配，双南卧室，采光好，照片真实有效。随时看,江桥新城,4300,https://short.58.com/zd_p/43d8b0c2-a284-4e7b-ad43-0a1665d359cc/?target=fe-16-xgk_hvimob_57085698997836q-feykn&end=end&lego_ts=nHTksAEVuH9vnWmYPHbVPHKWPaYYuWFhsH9QmHbVuyRhmWI-P1cLmH0zsjEQP1nYrjm1PWmQn1c3&shangquan=jiangqiao&shangquanId=7002&dataSource=1
整租 | 静安好房，随看随住，近地铁1 3 4号线 0费用 精,新客站,4600,https://short.58.com/zd_p/f4e745f4-2e1a-4ffa-ba11-6084029eb2e9/?target=fe-16-xgk_hvimob_57085635680784q-feykn&end=end&lego_ts=nHTksAEVuH9vnWmYPHbVPHKWPaYYuWFhsH9QmHbVuyRhmWI-P1cLmH0zsjEQP1nYrjcYrjnLnHnk&shangquan=xinkezhan&shangquanId=2572&dataSource=1
单间 | 提摇篮路，大连路，保定路，安国路，有床，位出租，需要,北外滩,600,https://short.58.com/zd_p/8c03d42c-e320-415a-93c1-608f3f526032/?target=fe-16-xgk_ephv_82956272408635q-feykn&end=end&lego_ts=nHTksAEVuH9vnWmYPHbVPHKWPaYYuWFhsH9QmHbVuyRhmWI-P1cLmH0zsjnOPWE3rHDOnj01rjcY&shangquan=beiwaitan&shangquanId=6273&dataSource=1
单间 | 薇馨家园 3室2厅2卫 主卧 南,春申,2000,https://short.58.com/zd_p/7eecf1db-eefd-4807-942a-b83c4a5a1284/?target=fe-16-xgk_ephv_57976884472226q-feykn&end=end&lego_ts=nHTksAEVuH9vnWmYPHbVPHKWPaYYuWFhsH9QmHbVuyRhmWI-P1cLmH0zsjEQPWD3n1nknjDOrHb3&shangquan=chunshensh&shangquanId=6338&dataSource=1
单间 | 9号线打浦桥 4号线鲁班路 全新推出全女生合租配置齐,五里桥,600,https://short.58.com/zd_p/ca8d0a9c-0f3d-4208-bbee-74eb6a9965bd/?target=fe-16-xgk_ephv_54924044227865q-feykn&end=end&lego_ts=nHTksAEVuH9vnWmYPHbVPHKWPaYYuWFhsH9QmHbVuyRhmWI-P1cLmH0zsjEkPWbkP1TkrHbQn19Y&shangquan=wuliqiao&shangquanId=1427&dataSource=1
单间 | 绿地云天坊 1室0厅1卫 主卧 南,泗泾,1500,https://short.58.com/zd_p/16721148-e036-47c7-b35c-f3732156f611/?target=fe-16-xgk_ephv_57568256295449q-feykn&end=end&lego_ts=nHTksAEVuH9vnWmYPHbVPHKWPaYYuWFhsH9QmHbVuyRhmWI-P1cLmH0zsjEQPj91rHE3rHmYnjTv&shangquan=sijing&shangquanId=7084&dataSource=1
整租 | 超大一房一厅 精装拎包入住 随时看房 出门就是地铁站,南码头,3800,https://short.58.com/zd_p/8a292713-ba05-4b38-8a93-011da7a28a11/?target=fe-16-xgk_hvimob_57081752809540q-feykn&end=end&lego_ts=nHTksAEVuH9vnWmYPHbVPHKWPaYYuWFhsH9QmHbVuyRhmWI-P1cLmH0zsjEQP1ndnHEOn10vPjTL&shangquan=nanmatou&shangquanId=1548&dataSource=1
整租 | 久升公寓  8.9.10号地铁线围绕  生活方便,老西门,1998,https://short.58.com/zd_p/4c7fd8d8-c86d-4119-bce2-2cc9c3f9514e/?target=fe-16-xgk_hvimob_57980911861865q-feykn&end=end&lego_ts=nHTksAEVuH9vnWmYPHbVPHKWPaYYuWFhsH9QmHbVuyRhmWI-P1cLmH0zsjEQPWnLPWNdn19dn19Y&shangquan=laoximen&shangquanId=1426&dataSource=1
整租 | 九号线漕河泾开发区 精装独立一房拎包入住！生活方便！,金虹桥,3500,https://short.58.com/zd_p/aab59ff7-2704-40a9-ae8d-4c7226a9235f/?target=fe-16-xgk_hvimob_57070604907825q-feykn&end=end&lego_ts=nHTksAEVuH9vnWmYPHbVPHKWPaYYuWFhsH9QmHbVuyRhmWI-P1cLmH0zsjEQP1DLrj0kPW0Qn1bY&shangquan=jinhongqiao&shangquanId=11602&dataSource=1
单间 | 急出 北蔡 由由三村 月付月轻松 小区环境优美 阳光,北蔡,1680,https://short.58.com/zd_p/ccd6eae3-3a1c-4caa-9667-0476101c8184/?target=fe-16-xgk_ephv_57034801743946q-feykn&end=end&lego_ts=nHTksAEVuH9vnWmYPHbVPHKWPaYYuWFhsH9QmHbVuyRhmWI-P1cLmH0zsjEQP1ckn10dnHTzPWT3&shangquan=beicai&shangquanId=1556&dataSource=1
单间 | 随时可看 北蔡 德圣苑 干净卫生 生活便捷 有阳台,北蔡,1530,https://short.58.com/zd_p/979235ea-e957-498d-bb86-035a08621bb7/?target=fe-16-xgk_ephv_57034537513109q-feykn&end=end&lego_ts=nHTksAEVuH9vnWmYPHbVPHKWPaYYuWFhsH9QmHbVuyRhmWI-P1cLmH0zsjEQP1ckPjcQPjNzPH0v&shangquan=beicai&shangquanId=1556&dataSource=1
单间 | 颛卫路175弄小区 3室1厅1卫 主卧 南,颛桥,1400,https://short.58.com/zd_p/bc8672be-71de-44eb-8216-463cfb30e1cf/?target=fe-16-xgk_ephv_57035980721533q-feykn&end=end&lego_ts=nHTksAEVuH9vnWmYPHbVPHKWPaYYuWFhsH9QmHbVuyRhmWI-P1cLmH0zsjEQP1cYPWnLnHbdPjcz&shangquan=zhuanqiao&shangquanId=6982&dataSource=1
单间 | 四号线上海体育场 嘉汇广场 精装修电梯房,徐家汇,3000,https://short.58.com/zd_p/f93a38b3-56c3-4418-9d6d-a534ac27d2a8/?target=fe-16-xgk_ephv_57078388792116q-feykn&end=end&lego_ts=nHTksAEVuH9vnWmYPHbVPHKWPaYYuWFhsH9QmHbVuyRhmWI-P1cLmH0zsjEQP1D1nWn1nHmOPHN3&shangquan=xujiahui&shangquanId=6207&dataSource=1
整租 | 紫华欣苑 靠近24号线 装修温馨舒适 交通方便周边环,杨浦大桥,1900,https://short.58.com/zd_p/eccae04a-9722-45a6-be06-bc9c18edb828/?target=fe-16-xgk_hvimob_57030321753845q-feykn&end=end&lego_ts=nHTksAEVuH9vnWmYPHbVPHKWPaYYuWFhsH9QmHbVuyRhmWI-P1cLmH0zsjEQP1cLnWbdnHEzn1TY&shangquan=daqiaosh&shangquanId=6283&dataSource=1
整租 | 东园一村 1室1厅1卫,陆家嘴,4500,https://short.58.com/zd_p/27341c70-15f3-435d-8045-fd30d9d87810/?target=fe-16-xgk_hvimob_57964529588570q-feykn&end=end&lego_ts=nHTksAEVuH9vnWmYPHbVPHKWPaYYuWFhsH9QmHbVuyRhmWI-P1cLmH0zsjEQPW9kPjbvPjn1PjDL&shangquan=lujiazui&shangquanId=2643&dataSource=1
整租 | 德康雅苑精装整套两房出租近汇金路地铁站无任何费用,赵巷,2600,https://short.58.com/zd_p/3709141b-9b86-4e03-afb4-3cbbee7f3b9d/?target=fe-16-xgk_hvimob_57047287048292q-feykn&end=end&lego_ts=nHTksAEVuH9vnWmYPHbVPHKWPaYYuWFhsH9QmHbVuyRhmWI-P1cLmH0zsjEQP1TQrHnQP1T1rHmO&shangquan=zhaoxiang&shangquanId=7010&dataSource=1
整租 | 找房子需要找对正确的人，而我就是那个正确的人，找我觉,惠南,2000,https://short.58.com/zd_p/3acae5b2-f268-40bc-951b-fb668ac8844d/?target=fe-16-xgk_hvimob_57085071837777q-feykn&end=end&lego_ts=nHTksAEVuH9vnWmYPHbVPHKWPaYYuWFhsH9QmHbVuyRhmWI-P1cLmH0zsjEQP1nYP1Ddn1cQnHDQ&shangquan=shhuinan&shangquanId=22039&dataSource=1
整租 | 万源新城四期，豪装一房两厅，近韩国街爱情海，有钥匙随,金虹桥,7500,https://short.58.com/zd_p/e98520ca-37e7-40a9-9189-a88d64100b97/?target=fe-16-xgk_hvimob_57921593196659q-feykn&end=end&lego_ts=nHTksAEVuH9vnWmYPHbVPHKWPaYYuWFhsH9QmHbVuyRhmWI-P1cLmH0zsjEQPWbdPjmzPHm3rjEv&shangquan=jinhongqiao&shangquanId=11602&dataSource=1
单间 | 首月5折 三林 金苹果花园 近地铁 家电全新 燃气热,三林,1350,https://short.58.com/zd_p/8476b58a-b0df-4097-8485-10242d785aa9/?target=fe-16-xgk_ephv_57033033379106q-feykn&end=end&lego_ts=nHTksAEVuH9vnWmYPHbVPHKWPaYYuWFhsH9QmHbVuyRhmWI-P1cLmH0zsjEQP1czP1cznWDvPH03&shangquan=sanlinsh&shangquanId=6238&dataSource=1
单间 | 滨浦新苑四村 3室1厅1卫 次卧 南,浦江,1300,https://short.58.com/zd_p/c9184d37-57ac-401a-9baf-2eedc107208b/?target=fe-16-xgk_ephv_57946384657891q-feykn&end=end&lego_ts=nHTksAEVuH9vnWmYPHbVPHKWPaYYuWFhsH9QmHbVuyRhmWI-P1cLmH0zsjEQPWT3nWnkrjEQn1md&shangquan=pujiangzhen&shangquanId=6335&dataSource=1
单间 | 和时间赛跑，不用赶地铁，住精装公寓，出门右拐就到地铁,龙柏金汇,1500,https://short.58.com/zd_p/310b5c8c-f55d-4ba0-bd8a-1d72a2c298a5/?target=fe-16-xgk_ephv_57071573004632q-feykn&end=end&lego_ts=nHTksAEVuH9vnWmYPHbVPHKWPaYYuWFhsH9QmHbVuyRhmWI-P1cLmH0zsjEQP1DdPjDzP10krjcO&shangquan=longbojinhui&shangquanId=11605&dataSource=1
单间 | 金桂小区 3室1厅2卫 次卧 西北,世纪公园,3000,https://short.58.com/zd_p/b596b24d-9ef1-4ed7-ad97-edda356199f9/?target=fe-16-xgk_ephv_57914833291439q-feykn&end=end&lego_ts=nHTksAEVuH9vnWmYPHbVPHKWPaYYuWFhsH9QmHbVuyRhmWI-P1cLmH0zsjEQPWNkn1czrHmdnjcv&shangquan=shijigongyuan&shangquanId=6226&dataSource=1
单间 | 徐汇长青坊 2室1厅1卫 次卧 北,康建,2180,https://short.58.com/zd_p/37c7125b-69b0-402d-a0ce-6b03b745715f/?target=fe-16-xgk_ephv_57584559819566q-feykn&end=end&lego_ts=nHTksAEVuH9vnWmYPHbVPHKWPaYYuWFhsH9QmHbVuyRhmWI-P1cLmH0zsjEQPjnkPjEvn1NvPj93&shangquan=kangj&shangquanId=14586&dataSource=1
单间 | 个人精装单间出租带独立卫生间，宣桥枫庭拎包入住,宣桥,950,https://short.58.com/zd_p/1c8e752e-e21c-43cb-aef5-7fe7c0c5ee15/?target=fe-16-xgk_ephv_82590818542182q-feykn&end=end&lego_ts=nHTksAEVuH9vnWmYPHbVPHKWPaYYuWFhsH9QmHbVuyRhmWI-P1cLmH0zsjnOPjmLn1N1PjTOPHnO&shangquan=shxuanqiaozhen&shangquanId=22043&dataSource=1
整租 | 海院新村 近民生路地铁口 中间楼层 即将空出 看房提,源深,3400,https://short.58.com/zd_p/5141d907-9b25-4464-b53f-28c6961d8621/?target=fe-16-xgk_hvimob_57073820506451q-feykn&end=end&lego_ts=nHTksAEVuH9vnWmYPHbVPHKWPaYYuWFhsH9QmHbVuyRhmWI-P1cLmH0zsjEQP1Dzn1bLPj03njEd&shangquan=yuanshensh&shangquanId=23334&dataSource=1
单间 | 个人直租，家具家电全配，免中介费,九亭,1300,https://short.58.com/zd_p/db37001e-59e9-4723-8707-f83ccdb90325/?target=fe-16-xgk_ephv_57124300691387q-feykn&end=end&lego_ts=nHTksAEVuH9vnWmYPHbVPHKWPaYYuWFhsH9QmHbVuyRhmWI-P1cLmH0zsjEQPHbknW0LrjmdnWnQ&shangquan=jiuting&shangquanId=7089&dataSource=1
整租 | 好房子，随时可以入住，在周浦万达旁边，小区环境优美，,周浦,1150,https://short.58.com/zd_p/a78e7048-7805-4635-90e1-a51b5e3fa333/?target=fe-16-xgk_hvimob_57038235649485q-feykn&end=end&lego_ts=nHTksAEVuH9vnWmYPHbVPHKWPaYYuWFhsH9QmHbVuyRhmWI-P1cLmH0zsjEQP1c1rHcYrjTvnjnY&shangquan=zhoupu&shangquanId=11636&dataSource=1
单间 | 近地铁3号线(东宝兴路站) 拎包入住 0中介费 房间,四川北路,1300,https://sh.58.com/hezu/41293248667662x.shtml?houseId=1363494145238029&shangquan=sichuanbeilu&shangquanId=1484&dataSource=0
整租 | 虹漕公寓 温馨装修 固定车位 陪读优选 拎包入住 价,康建,13000,https://sh.58.com/zufang/41723603584656x.shtml?houseId=1418579574629386&shangquan=kangj&shangquanId=14586&dataSource=0
单间 | 距离5号线奉贤新城站500米 房间面积大 0中介费,南桥,950,https://sh.58.com/hezu/41506590570897x.shtml?houseId=1390801908883456&shangquan=nanqiao&shangquanId=7018&dataSource=0
单间 | 南部阳光翠庭 3室1厅2卫,松江大学城,1700,https://sh.58.com/hezu/31930517758527x.shtml?houseId=1139822776082433&shangquan=shdaxuecheng&shangquanId=7461&dataSource=0
单间 | 华泾緑苑 房东自招 天押一付一 拎包入住 天然气做饭,华泾,1500,https://sh.58.com/hezu/41739698568611x.shtml?houseId=1420639732442125&shangquan=huajing&shangquanId=2645&dataSource=0
整租 | 16号线(惠南站) 0中介费 房间面积大 燃气做饭,惠南,1800,https://sh.58.com/zufang/41462733056662x.shtml?houseId=1385188146783237&shangquan=shhuinan&shangquanId=22039&dataSource=0
单间 | 新泾家苑 朝南阁楼 环境优美 干净整洁 交通方便 性,北新泾,1480,https://sh.58.com/hezu/41603280134145x.shtml?houseId=1403178172767241&shangquan=beixinjing&shangquanId=1452&dataSource=0
单间 | 夏州花园 1室0厅1卫 次卧 南,九亭,1499,https://sh.58.com/hezu/41528657266719x.shtml?houseId=1393626446093315&shangquan=jiuting&shangquanId=7089&dataSource=0
整租 | 阳光美林二室二厅出租 有钥匙随时看房  性价比高小区,月浦,2600,https://sh.58.com/zufang/41737248458369x.shtml?houseId=1420326118333440&shangquan=yuepush&shangquanId=6353&dataSource=0
整租 | 精装修 交通便利 配套齐全 拎包入住,高境,4000,https://sh.58.com/zufang/41739659912322x.shtml?houseId=1420634784422912&shangquan=gaojingsh&shangquanId=6356&dataSource=0
整租 | 急租!陆家嘴金融商圈，塘桥新路地铁站，随看拎包住,塘桥,3500,https://sh.58.com/zufang/41739617148582x.shtml?houseId=1420629310824449&shangquan=tangqiao&shangquanId=6221&dataSource=0
单间 | 联星丽景苑 1室0厅1卫 主卧 南,桃浦,2250,https://sh.58.com/hezu/41682487074719x.shtml?houseId=1413316661421069&shangquan=taopush&shangquanId=6299&dataSource=0
整租 | 长桥一村，两房一厅，近上海南站，居家装修，看房抓紧，,长桥,3900,https://sh.58.com/zufang/41739637483669x.shtml?houseId=1420631913406469&shangquan=changqiao&shangquanId=6214&dataSource=0
整租 | 精装修朝南一房 近地铁6号线北洋泾站近旭辉广场 适合,洋泾,3600,https://sh.58.com/zufang/41717601629453x.shtml?houseId=1417811324541964&shangquan=yangjing&shangquanId=1551&dataSource=0
单间 | 紧邻16号线惠南站 拎包入住 0中介费 水电全包,宣桥,800,https://sh.58.com/hezu/41462732631173x.shtml?houseId=1385188092648451&shangquan=shxuanqiaozhen&shangquanId=22043&dataSource=0
单间 | 绿园十一村 2室1厅1卫 次卧 朝南,北新泾,1250,https://sh.58.com/hezu/40479948315292x.shtml?houseId=1259391700967424&shangquan=beixinjing&shangquanId=1452&dataSource=0
单间 | 2号线东延线凌空路站 0中介费 生活便利 拎包入住,川沙,850,https://sh.58.com/hezu/41382682482845x.shtml?houseId=1374941673677831&shangquan=chuansha&shangquanId=6231&dataSource=0
单间 | 燃气做饭 房东直租 0中介费 押一付一,高境,1700,https://sh.58.com/hezu/41462722149381x.shtml?houseId=1385186750751758&shangquan=gaojingsh&shangquanId=6356&dataSource=0
整租 | 近地铁13号线 婚装两房 配置齐全 温馨舒适 全明户,长风,5000,https://sh.58.com/zufang/41739667077927x.shtml?houseId=1420635701501954&shangquan=changfenggongyuan&shangquanId=1460&dataSource=0
单间 | 嘉秀新苑 1室1厅1卫 主卧 南,丰庄,1700,https://sh.58.com/hezu/41683734988445x.shtml?houseId=1413476394245130&shangquan=fengzhuang&shangquanId=7455&dataSource=0
单间 | 黎星苑二区 实体小单间 家具家电齐全 押一付一 拎包,九亭,650,https://sh.58.com/hezu/41535165346320x.shtml?houseId=1394459480023042&shangquan=jiuting&shangquanId=7089&dataSource=0
整租 | 戏院新村，1楼带院子，可办居住证，月租2800元，随,华新,2800,https://sh.58.com/zufang/41728535724677x.shtml?houseId=1419210888454155&shangquan=shhxz&shangquanId=15896&dataSource=0
整租 | 真实装修在租 沿海二期 大户型 带双车位 精装修 可,莘闵,7800,https://sh.58.com/zufang/41739624802343x.shtml?houseId=1420630290555918&shangquan=xinmin&shangquanId=11609&dataSource=0
单间 | 名都新城(四期) 3室2厅2卫 主卧 南,莘庄,2450,https://sh.58.com/hezu/41635656053896x.shtml?houseId=1407322290887693&shangquan=xinzhuangsh&shangquanId=6324&dataSource=0
单间 | 近地铁16号线惠南站 燃气做饭 0中介费 水电全包,宣桥,800,https://sh.58.com/hezu/41462734282639x.shtml?houseId=1385188303937541&shangquan=shxuanqiaozhen&shangquanId=22043&dataSource=0
整租 | 星尚湾精装两房 朝南户型采光很好 家具全新 拎包入住,华新,3400,https://sh.58.com/zufang/40629876826649x.shtml?houseId=1278582549552139&shangquan=shhxz&shangquanId=15896&dataSource=0
单间 | 距离5号线颛桥站500米 南北通透 燃气做饭 0中介,颛桥,800,https://sh.58.com/hezu/41506594325148x.shtml?houseId=1390802389359622&shangquan=zhuanqiao&shangquanId=6982&dataSource=0
单间 | 汇福家园泰和里 3室1厅1卫 次卧 北,周浦,950,https://sh.58.com/hezu/41739688103944x.shtml?houseId=1420638393132046&shangquan=zhoupu&shangquanId=11636&dataSource=0
整租 | 可押一付一！金杨五街坊！近六号线德平！精装全配！可办,金杨新村,4200,https://sh.58.com/zufang/41690141440422x.shtml?houseId=1414296419196937&shangquan=jinyangxincun&shangquanId=1550&dataSource=0
单间 | 距离2号线东延线凌空路站500米 0中介费 押一付一,川沙,1180,https://sh.58.com/hezu/41462736369426x.shtml?houseId=1385188570866695&shangquan=chuansha&shangquanId=6231&dataSource=0
单间 | 房东直租 0中介费 水电全包 燃气做饭,高境,1950,https://sh.58.com/hezu/41462722077071x.shtml?houseId=1385186741738504&shangquan=gaojingsh&shangquanId=6356&dataSource=0
单间 | 青浦宝龙城市广场 1室1厅1卫 主卧 南,赵巷,1800,https://sh.58.com/hezu/41624848697635x.shtml?houseId=1405938949185545&shangquan=zhaoxiang&shangquanId=7010&dataSource=0
整租 | 东花园精装大四房 品质小区近412号线大连路站拎包即,江浦路,10000,https://sh.58.com/zufang/41739659938712x.shtml?houseId=1420634787947526&shangquan=jiangpulu&shangquanId=6281&dataSource=0
单间 | 蓝天新村靠近工业区 松东路环城路 精装单间交通便利家,松江老城,600,https://sh.58.com/hezu/40533599023763x.shtml?houseId=1266258990799874&shangquan=songjianglaocheng&shangquanId=11372&dataSource=0
单间 | 梅川馨苑 4室1厅2卫 主卧 南,曹杨,3500,https://sh.58.com/hezu/41570193767969x.shtml?houseId=1398943118286853&shangquan=caoyang&shangquanId=1459&dataSource=0
,,,
